GameID,FG/MP_Home_Starter,FGA/MP_Home_Starter,3P/MP_Home_Starter,3PA/MP_Home_Starter,FT/MP_Home_Starter,FTA/MP_Home_Starter,ORB/MP_Home_Starter,DRB/MP_Home_Starter,AST/MP_Home_Starter,STL/MP_Home_Starter,BLK/MP_Home_Starter,TOV/MP_Home_Starter,PF/MP_Home_Starter,PTS/MP_Home_Starter,FG/MP_Home_Other,FGA/MP_Home_Other,3P/MP_Home_Other,3PA/MP_Home_Other,FT/MP_Home_Other,FTA/MP_Home_Other,ORB/MP_Home_Other,DRB/MP_Home_Other,AST/MP_Home_Other,STL/MP_Home_Other,BLK/MP_Home_Other,TOV/MP_Home_Other,PF/MP_Home_Other,PTS/MP_Home_Other,FG/MP_Away_Starter,FGA/MP_Away_Starter,3P/MP_Away_Starter,3PA/MP_Away_Starter,FT/MP_Away_Starter,FTA/MP_Away_Starter,ORB/MP_Away_Starter,DRB/MP_Away_Starter,AST/MP_Away_Starter,STL/MP_Away_Starter,BLK/MP_Away_Starter,TOV/MP_Away_Starter,PF/MP_Away_Starter,PTS/MP_Away_Starter,FG/MP_Away_Other,FGA/MP_Away_Other,3P/MP_Away_Other,3PA/MP_Away_Other,FT/MP_Away_Other,FTA/MP_Away_Other,ORB/MP_Away_Other,DRB/MP_Away_Other,AST/MP_Away_Other,STL/MP_Away_Other,BLK/MP_Away_Other,TOV/MP_Away_Other,PF/MP_Away_Other,PTS/MP_Away_Other
BOS vs ORL 2022,0.17873651771956856,0.4012583461736004,0.04815100154083205,0.14637904468412943,0.0847457627118644,0.10387776065742167,0.03531073446327684,0.15896250642013354,0.11389316897791474,0.02285567539804828,0.013610683102208527,0.061761684643040576,0.07344632768361582,0.4903697996918336,0.13683257918552036,0.3266968325791855,0.05719457013574661,0.16615384615384615,0.036380090497737556,0.049773755656108594,0.0432579185520362,0.1779185520361991,0.07076923076923076,0.03294117647058824,0.03257918552036199,0.04452488687782805,0.07963800904977375,0.3672398190045249,0.20312995664587077,0.45490113143703076,0.06661732050333087,0.1951993232526171,0.10426139367664164,0.1269958760706355,0.023051707729724015,0.14031934017130168,0.14264565929998943,0.034683303373162735,0.01512107433647034,0.07137570053928308,0.07095273342497621,0.5771386274717141,0.14598895745371873,0.3325755115297174,0.060246833387463464,0.17050990581357583,0.05781097759012666,0.06852874309840858,0.03816174082494316,0.1268268918480026,0.10100682039623254,0.02387138681390062,0.018025332900292304,0.04222150048717116,0.08070802208509256,0.4100357258850276
