GameID,FG/MP_Home_Starter,FGA/MP_Home_Starter,3P/MP_Home_Starter,3PA/MP_Home_Starter,FT/MP_Home_Starter,FTA/MP_Home_Starter,ORB/MP_Home_Starter,DRB/MP_Home_Starter,AST/MP_Home_Starter,STL/MP_Home_Starter,BLK/MP_Home_Starter,TOV/MP_Home_Starter,PF/MP_Home_Starter,PTS/MP_Home_Starter,FG/MP_Home_Other,FGA/MP_Home_Other,3P/MP_Home_Other,3PA/MP_Home_Other,FT/MP_Home_Other,FTA/MP_Home_Other,ORB/MP_Home_Other,DRB/MP_Home_Other,AST/MP_Home_Other,STL/MP_Home_Other,BLK/MP_Home_Other,TOV/MP_Home_Other,PF/MP_Home_Other,PTS/MP_Home_Other,FG/MP_Away_Starter,FGA/MP_Away_Starter,3P/MP_Away_Starter,3PA/MP_Away_Starter,FT/MP_Away_Starter,FTA/MP_Away_Starter,ORB/MP_Away_Starter,DRB/MP_Away_Starter,AST/MP_Away_Starter,STL/MP_Away_Starter,BLK/MP_Away_Starter,TOV/MP_Away_Starter,PF/MP_Away_Starter,PTS/MP_Away_Starter,FG/MP_Away_Other,FGA/MP_Away_Other,3P/MP_Away_Other,3PA/MP_Away_Other,FT/MP_Away_Other,FTA/MP_Away_Other,ORB/MP_Away_Other,DRB/MP_Away_Other,AST/MP_Away_Other,STL/MP_Away_Other,BLK/MP_Away_Other,TOV/MP_Away_Other,PF/MP_Away_Other,PTS/MP_Away_Other
BOS vs MIA 2022,0.1900764980875478,0.3949213769655759,0.043561410964725884,0.11665958351041224,0.11272843178920527,0.1361028474288143,0.03973650658733532,0.14524011899702507,0.1384402889927752,0.03644283892902678,0.013387165320866978,0.07044198895027624,0.06746706332341691,0.5364428389290268,0.1450229709035222,0.332312404287902,0.08591117917304747,0.22480857580398161,0.0332312404287902,0.04226646248085758,0.028943338437978562,0.11929555895865238,0.07473200612557428,0.02434915773353752,0.013476263399693721,0.044869831546707505,0.10367534456355283,0.4091883614088821,0.19098768666492008,0.4251157104183041,0.06278927604576019,0.18417605449305738,0.0930923063487905,0.11317788839402672,0.028469129333682647,0.1526504235437953,0.13797921578901406,0.03292288883066981,0.020522225133176142,0.06444851977993188,0.06977556545279888,0.5378569557243909,0.1457286432160804,0.3324687955908575,0.06013940671097422,0.1705300697033555,0.05770789431026098,0.06840654887339925,0.03809369427784082,0.1267628464905171,0.10098881504295672,0.02382882152698979,0.017993191765278003,0.04247041659912466,0.0808883125303939,0.409304587453396
