GameID,FG/MP_Home_Starter,FGA/MP_Home_Starter,3P/MP_Home_Starter,3PA/MP_Home_Starter,FT/MP_Home_Starter,FTA/MP_Home_Starter,ORB/MP_Home_Starter,DRB/MP_Home_Starter,AST/MP_Home_Starter,STL/MP_Home_Starter,BLK/MP_Home_Starter,TOV/MP_Home_Starter,PF/MP_Home_Starter,PTS/MP_Home_Starter,FG/MP_Home_Other,FGA/MP_Home_Other,3P/MP_Home_Other,3PA/MP_Home_Other,FT/MP_Home_Other,FTA/MP_Home_Other,ORB/MP_Home_Other,DRB/MP_Home_Other,AST/MP_Home_Other,STL/MP_Home_Other,BLK/MP_Home_Other,TOV/MP_Home_Other,PF/MP_Home_Other,PTS/MP_Home_Other,FG/MP_Away_Starter,FGA/MP_Away_Starter,3P/MP_Away_Starter,3PA/MP_Away_Starter,FT/MP_Away_Starter,FTA/MP_Away_Starter,ORB/MP_Away_Starter,DRB/MP_Away_Starter,AST/MP_Away_Starter,STL/MP_Away_Starter,BLK/MP_Away_Starter,TOV/MP_Away_Starter,PF/MP_Away_Starter,PTS/MP_Away_Starter,FG/MP_Away_Other,FGA/MP_Away_Other,3P/MP_Away_Other,3PA/MP_Away_Other,FT/MP_Away_Other,FTA/MP_Away_Other,ORB/MP_Away_Other,DRB/MP_Away_Other,AST/MP_Away_Other,STL/MP_Away_Other,BLK/MP_Away_Other,TOV/MP_Away_Other,PF/MP_Away_Other,PTS/MP_Away_Other
BOS vs MIL 2020,0.20923193340900492,0.43044520116029766,0.060158910329171394,0.17290957245554295,0.09395888510530963,0.12965064951444066,0.03682683818892672,0.19586328666918906,0.11048051456678018,0.0340522133938706,0.030394753436751167,0.06280741581536133,0.07945516458569807,0.5725816622524909,0.14778428093645485,0.3202341137123746,0.06061872909698997,0.15990802675585283,0.046822742474916385,0.06229096989966555,0.046613712374581937,0.14987458193979933,0.08110367892976589,0.026755852842809364,0.017767558528428092,0.05142140468227425,0.08319397993311037,0.40301003344481606,0.21265206812652068,0.45085158150851584,0.06557177615571776,0.1714111922141119,0.09172749391727494,0.11399026763990268,0.03880778588807786,0.1575425790754258,0.09854014598540146,0.031143552311435525,0.022992700729927006,0.058637469586374696,0.0767639902676399,0.582603406326034,0.12264896475422792,0.282440335071914,0.03793266951161688,0.11316579737632369,0.05753121542595227,0.07096570254464991,0.05089299826141931,0.1327643432906591,0.09498972656867394,0.03714240556345819,0.023075707286233604,0.04804804804804805,0.09988936304725779,0.340761814446025
