GameID,FG/MP_Home_Starter,FGA/MP_Home_Starter,3P/MP_Home_Starter,3PA/MP_Home_Starter,FT/MP_Home_Starter,FTA/MP_Home_Starter,ORB/MP_Home_Starter,DRB/MP_Home_Starter,AST/MP_Home_Starter,STL/MP_Home_Starter,BLK/MP_Home_Starter,TOV/MP_Home_Starter,PF/MP_Home_Starter,PTS/MP_Home_Starter,FG/MP_Home_Other,FGA/MP_Home_Other,3P/MP_Home_Other,3PA/MP_Home_Other,FT/MP_Home_Other,FTA/MP_Home_Other,ORB/MP_Home_Other,DRB/MP_Home_Other,AST/MP_Home_Other,STL/MP_Home_Other,BLK/MP_Home_Other,TOV/MP_Home_Other,PF/MP_Home_Other,PTS/MP_Home_Other,FG/MP_Away_Starter,FGA/MP_Away_Starter,3P/MP_Away_Starter,3PA/MP_Away_Starter,FT/MP_Away_Starter,FTA/MP_Away_Starter,ORB/MP_Away_Starter,DRB/MP_Away_Starter,AST/MP_Away_Starter,STL/MP_Away_Starter,BLK/MP_Away_Starter,TOV/MP_Away_Starter,PF/MP_Away_Starter,PTS/MP_Away_Starter,FG/MP_Away_Other,FGA/MP_Away_Other,3P/MP_Away_Other,3PA/MP_Away_Other,FT/MP_Away_Other,FTA/MP_Away_Other,ORB/MP_Away_Other,DRB/MP_Away_Other,AST/MP_Away_Other,STL/MP_Away_Other,BLK/MP_Away_Other,TOV/MP_Away_Other,PF/MP_Away_Other,PTS/MP_Away_Other
BRK vs ORL 2020,0.15851403597243235,0.35888384602454193,0.04605816103546814,0.13783829214994117,0.0722810556396033,0.08724155320221887,0.04857959320894268,0.15952260884182215,0.10119347789544461,0.0250462262565137,0.016809547823163556,0.042191965036140526,0.07413010590015129,0.4353672886199361,0.14711262085184218,0.3130389338907761,0.021165403710478183,0.0668931277763261,0.05382806375751241,0.07760648027175333,0.059054089365037886,0.13848967859942513,0.1178468774496995,0.035536974131173245,0.03187875620590541,0.05748628168278024,0.09302325581395349,0.36921870917167493,0.1272584446190102,0.3118617439120189,0.0589159465828751,0.16692851531814612,0.05302435192458759,0.06637863315003928,0.029850746268656716,0.11626080125687353,0.08955223880597014,0.028672427336999214,0.010997643362136685,0.054595443833464256,0.11115475255302436,0.36645718774548314,0.12790697674418605,0.32848837209302323,0.03197674418604651,0.13662790697674418,0.08139534883720931,0.11482558139534883,0.04796511627906977,0.13517441860465115,0.07994186046511628,0.029069767441860465,0.010174418604651164,0.0625,0.08430232558139535,0.3691860465116279
