GameID,FG/MP_Home_Starter,FGA/MP_Home_Starter,3P/MP_Home_Starter,3PA/MP_Home_Starter,FT/MP_Home_Starter,FTA/MP_Home_Starter,ORB/MP_Home_Starter,DRB/MP_Home_Starter,AST/MP_Home_Starter,STL/MP_Home_Starter,BLK/MP_Home_Starter,TOV/MP_Home_Starter,PF/MP_Home_Starter,PTS/MP_Home_Starter,FG/MP_Home_Other,FGA/MP_Home_Other,3P/MP_Home_Other,3PA/MP_Home_Other,FT/MP_Home_Other,FTA/MP_Home_Other,ORB/MP_Home_Other,DRB/MP_Home_Other,AST/MP_Home_Other,STL/MP_Home_Other,BLK/MP_Home_Other,TOV/MP_Home_Other,PF/MP_Home_Other,PTS/MP_Home_Other,FG/MP_Away_Starter,FGA/MP_Away_Starter,3P/MP_Away_Starter,3PA/MP_Away_Starter,FT/MP_Away_Starter,FTA/MP_Away_Starter,ORB/MP_Away_Starter,DRB/MP_Away_Starter,AST/MP_Away_Starter,STL/MP_Away_Starter,BLK/MP_Away_Starter,TOV/MP_Away_Starter,PF/MP_Away_Starter,PTS/MP_Away_Starter,FG/MP_Away_Other,FGA/MP_Away_Other,3P/MP_Away_Other,3PA/MP_Away_Other,FT/MP_Away_Other,FTA/MP_Away_Other,ORB/MP_Away_Other,DRB/MP_Away_Other,AST/MP_Away_Other,STL/MP_Away_Other,BLK/MP_Away_Other,TOV/MP_Away_Other,PF/MP_Away_Other,PTS/MP_Away_Other
BRK vs MIL 2020,0.23356926188068755,0.464737108190091,0.05738119312436805,0.1595045500505561,0.1134984833164813,0.15267947421638017,0.03993933265925177,0.1980535894843276,0.14408493427704752,0.03197674418604651,0.03210313447927199,0.07507583417593529,0.08341759352881699,0.6380182002022244,0.12978056426332288,0.29608150470219435,0.056896551724137934,0.16269592476489028,0.041379310344827586,0.05203761755485893,0.04012539184952978,0.17178683385579938,0.07539184952978056,0.03369905956112853,0.017868338557993732,0.045768025078369905,0.0780564263322884,0.3578369905956113,0.11858744929611072,0.3049391553328561,0.05511811023622047,0.17060367454068243,0.04700548795036984,0.06060606060606061,0.025292293008828442,0.11238367931281316,0.06991171558100692,0.02600811262228585,0.012407539966595084,0.04247196373180625,0.09377236936292055,0.33929849677881174,0.16846767050487158,0.3925597874224978,0.06395039858281665,0.17254207263064658,0.06235606731620903,0.08272807794508415,0.030646589902568643,0.10203720106288751,0.11426040744021258,0.029937998228520814,0.009565987599645704,0.06643046944198405,0.07121346324180691,0.4632418069087688
