GameID,FG/MP_Home_Starter,FGA/MP_Home_Starter,3P/MP_Home_Starter,3PA/MP_Home_Starter,FT/MP_Home_Starter,FTA/MP_Home_Starter,ORB/MP_Home_Starter,DRB/MP_Home_Starter,AST/MP_Home_Starter,STL/MP_Home_Starter,BLK/MP_Home_Starter,TOV/MP_Home_Starter,PF/MP_Home_Starter,PTS/MP_Home_Starter,FG/MP_Home_Other,FGA/MP_Home_Other,3P/MP_Home_Other,3PA/MP_Home_Other,FT/MP_Home_Other,FTA/MP_Home_Other,ORB/MP_Home_Other,DRB/MP_Home_Other,AST/MP_Home_Other,STL/MP_Home_Other,BLK/MP_Home_Other,TOV/MP_Home_Other,PF/MP_Home_Other,PTS/MP_Home_Other,FG/MP_Away_Starter,FGA/MP_Away_Starter,3P/MP_Away_Starter,3PA/MP_Away_Starter,FT/MP_Away_Starter,FTA/MP_Away_Starter,ORB/MP_Away_Starter,DRB/MP_Away_Starter,AST/MP_Away_Starter,STL/MP_Away_Starter,BLK/MP_Away_Starter,TOV/MP_Away_Starter,PF/MP_Away_Starter,PTS/MP_Away_Starter,FG/MP_Away_Other,FGA/MP_Away_Other,3P/MP_Away_Other,3PA/MP_Away_Other,FT/MP_Away_Other,FTA/MP_Away_Other,ORB/MP_Away_Other,DRB/MP_Away_Other,AST/MP_Away_Other,STL/MP_Away_Other,BLK/MP_Away_Other,TOV/MP_Away_Other,PF/MP_Away_Other,PTS/MP_Away_Other
CHA vs ATL 2022,0.21815533980582524,0.44737864077669903,0.04533980582524272,0.12388349514563107,0.10067961165048543,0.1266019417475728,0.051262135922330095,0.1741747572815534,0.1574757281553398,0.032427184466019415,0.019417475728155338,0.06368932038834951,0.0729126213592233,0.5823300970873786,0.13216615173360796,0.2840714040508067,0.04479917610710608,0.1266735324407827,0.046172330930312394,0.057844146927566086,0.03810504634397528,0.10985238585650532,0.08805355303810504,0.032612427051150014,0.021455544112598694,0.04668726398901476,0.09028492962581532,0.3553038105046344,0.14192740926157696,0.2818523153942428,0.0230287859824781,0.0623279098873592,0.058823529411764705,0.09612015018773466,0.05857321652065081,0.16095118898623278,0.13391739674593242,0.03829787234042553,0.021526908635794744,0.05807259073842303,0.09036295369211514,0.36570713391739673,0.12483364386478574,0.2600479105669417,0.03380356667553899,0.09182858663827521,0.053233963268565346,0.07479371839233431,0.05030609528879425,0.12190577588501464,0.07958477508650519,0.036997604471652915,0.023689113654511578,0.04045781208410966,0.08597285067873303,0.3367048176736758
