GameID,FG/MP_Home_Starter,FGA/MP_Home_Starter,3P/MP_Home_Starter,3PA/MP_Home_Starter,FT/MP_Home_Starter,FTA/MP_Home_Starter,ORB/MP_Home_Starter,DRB/MP_Home_Starter,AST/MP_Home_Starter,STL/MP_Home_Starter,BLK/MP_Home_Starter,TOV/MP_Home_Starter,PF/MP_Home_Starter,PTS/MP_Home_Starter,FG/MP_Home_Other,FGA/MP_Home_Other,3P/MP_Home_Other,3PA/MP_Home_Other,FT/MP_Home_Other,FTA/MP_Home_Other,ORB/MP_Home_Other,DRB/MP_Home_Other,AST/MP_Home_Other,STL/MP_Home_Other,BLK/MP_Home_Other,TOV/MP_Home_Other,PF/MP_Home_Other,PTS/MP_Home_Other,FG/MP_Away_Starter,FGA/MP_Away_Starter,3P/MP_Away_Starter,3PA/MP_Away_Starter,FT/MP_Away_Starter,FTA/MP_Away_Starter,ORB/MP_Away_Starter,DRB/MP_Away_Starter,AST/MP_Away_Starter,STL/MP_Away_Starter,BLK/MP_Away_Starter,TOV/MP_Away_Starter,PF/MP_Away_Starter,PTS/MP_Away_Starter,FG/MP_Away_Other,FGA/MP_Away_Other,3P/MP_Away_Other,3PA/MP_Away_Other,FT/MP_Away_Other,FTA/MP_Away_Other,ORB/MP_Away_Other,DRB/MP_Away_Other,AST/MP_Away_Other,STL/MP_Away_Other,BLK/MP_Away_Other,TOV/MP_Away_Other,PF/MP_Away_Other,PTS/MP_Away_Other
CHA vs SAS 2022,0.18436954478313414,0.37290183966698,0.041224654223177115,0.11158855915133611,0.05706996105814422,0.08244930844635423,0.05572713844501141,0.15267893111319994,0.09614609910030884,0.029676379750234995,0.024170807036390494,0.040956089700550556,0.07801799382301598,0.46703370484758966,0.1450381679389313,0.31529443838604143,0.05248091603053435,0.13454198473282442,0.05425299890948746,0.07197382769901854,0.04593784078516903,0.12350054525627045,0.06652126499454744,0.02699018538713195,0.02153762268266085,0.045665212649945476,0.0831515812431843,0.3968102508178844,0.17300085984522787,0.36182287188306106,0.0529664660361135,0.14015477214101463,0.0589853826311264,0.08529664660361135,0.046431642304385214,0.14342218400687876,0.12536543422184007,0.03456577815993121,0.01702493551160791,0.04763542562338779,0.07360275150472916,0.45795356835769563,0.12468714448236633,0.2653014789533561,0.03026166097838453,0.08464163822525597,0.05506257110352673,0.07849829351535836,0.047554038680318544,0.11968145620022753,0.09806598407281002,0.04186575654152446,0.0229806598407281,0.04618885096700796,0.08532423208191127,0.33469852104664394
