GameID,FG/MP_Home_Starter,FGA/MP_Home_Starter,3P/MP_Home_Starter,3PA/MP_Home_Starter,FT/MP_Home_Starter,FTA/MP_Home_Starter,ORB/MP_Home_Starter,DRB/MP_Home_Starter,AST/MP_Home_Starter,STL/MP_Home_Starter,BLK/MP_Home_Starter,TOV/MP_Home_Starter,PF/MP_Home_Starter,PTS/MP_Home_Starter,FG/MP_Home_Other,FGA/MP_Home_Other,3P/MP_Home_Other,3PA/MP_Home_Other,FT/MP_Home_Other,FTA/MP_Home_Other,ORB/MP_Home_Other,DRB/MP_Home_Other,AST/MP_Home_Other,STL/MP_Home_Other,BLK/MP_Home_Other,TOV/MP_Home_Other,PF/MP_Home_Other,PTS/MP_Home_Other,FG/MP_Away_Starter,FGA/MP_Away_Starter,3P/MP_Away_Starter,3PA/MP_Away_Starter,FT/MP_Away_Starter,FTA/MP_Away_Starter,ORB/MP_Away_Starter,DRB/MP_Away_Starter,AST/MP_Away_Starter,STL/MP_Away_Starter,BLK/MP_Away_Starter,TOV/MP_Away_Starter,PF/MP_Away_Starter,PTS/MP_Away_Starter,FG/MP_Away_Other,FGA/MP_Away_Other,3P/MP_Away_Other,3PA/MP_Away_Other,FT/MP_Away_Other,FTA/MP_Away_Other,ORB/MP_Away_Other,DRB/MP_Away_Other,AST/MP_Away_Other,STL/MP_Away_Other,BLK/MP_Away_Other,TOV/MP_Away_Other,PF/MP_Away_Other,PTS/MP_Away_Other
CHI vs MIA 2022,0.1900764980875478,0.3949213769655759,0.043561410964725884,0.11665958351041224,0.11272843178920527,0.1361028474288143,0.03973650658733532,0.14524011899702507,0.1384402889927752,0.03644283892902678,0.013387165320866978,0.07044198895027624,0.06746706332341691,0.5364428389290268,0.1450229709035222,0.332312404287902,0.08591117917304747,0.22480857580398161,0.0332312404287902,0.04226646248085758,0.028943338437978562,0.11929555895865238,0.07473200612557428,0.02434915773353752,0.013476263399693721,0.044869831546707505,0.10367534456355283,0.4091883614088821,0.18810339458112738,0.37807536592961694,0.02756150731859234,0.07521021488632824,0.1029274369355341,0.1222360635316101,0.020710059171597635,0.10744316412332607,0.12612893179694798,0.032388663967611336,0.011990034257240736,0.05636873248209281,0.07692307692307693,0.5066957334163812,0.14140521431727796,0.2832523199292974,0.03255265871262336,0.09088230961850051,0.052585064074237735,0.07320665782884077,0.0718809839446163,0.1627632935631168,0.07629989689203123,0.034614818088083664,0.027102666077478275,0.04654588304610399,0.10266607747827368,0.367948151421417
