GameID,FG/MP_Home_Starter,FGA/MP_Home_Starter,3P/MP_Home_Starter,3PA/MP_Home_Starter,FT/MP_Home_Starter,FTA/MP_Home_Starter,ORB/MP_Home_Starter,DRB/MP_Home_Starter,AST/MP_Home_Starter,STL/MP_Home_Starter,BLK/MP_Home_Starter,TOV/MP_Home_Starter,PF/MP_Home_Starter,PTS/MP_Home_Starter,FG/MP_Home_Other,FGA/MP_Home_Other,3P/MP_Home_Other,3PA/MP_Home_Other,FT/MP_Home_Other,FTA/MP_Home_Other,ORB/MP_Home_Other,DRB/MP_Home_Other,AST/MP_Home_Other,STL/MP_Home_Other,BLK/MP_Home_Other,TOV/MP_Home_Other,PF/MP_Home_Other,PTS/MP_Home_Other,FG/MP_Away_Starter,FGA/MP_Away_Starter,3P/MP_Away_Starter,3PA/MP_Away_Starter,FT/MP_Away_Starter,FTA/MP_Away_Starter,ORB/MP_Away_Starter,DRB/MP_Away_Starter,AST/MP_Away_Starter,STL/MP_Away_Starter,BLK/MP_Away_Starter,TOV/MP_Away_Starter,PF/MP_Away_Starter,PTS/MP_Away_Starter,FG/MP_Away_Other,FGA/MP_Away_Other,3P/MP_Away_Other,3PA/MP_Away_Other,FT/MP_Away_Other,FTA/MP_Away_Other,ORB/MP_Away_Other,DRB/MP_Away_Other,AST/MP_Away_Other,STL/MP_Away_Other,BLK/MP_Away_Other,TOV/MP_Away_Other,PF/MP_Away_Other,PTS/MP_Away_Other
CHI vs WAS 2022,0.17734553775743708,0.3888888888888889,0.05047037884566489,0.14721586575133486,0.06369183829138063,0.08161708619374523,0.023773201118738877,0.1543351131451818,0.12687515891177217,0.024535977625222475,0.016526824307144673,0.05962369692346809,0.0642003559623697,0.46885329265191966,0.15015133570206607,0.29714436110014475,0.03803131991051454,0.0986971969996052,0.05198052375312541,0.0682984603237268,0.052375312541123833,0.138834057112778,0.0846163968943282,0.030530332938544544,0.0277668114225556,0.04197920779049875,0.07790498749835505,0.3903145150677721,0.18810339458112738,0.37807536592961694,0.02756150731859234,0.07521021488632824,0.1029274369355341,0.1222360635316101,0.020710059171597635,0.10744316412332607,0.12612893179694798,0.032388663967611336,0.011990034257240736,0.05636873248209281,0.07692307692307693,0.5066957334163812,0.14140521431727796,0.2832523199292974,0.03255265871262336,0.09088230961850051,0.052585064074237735,0.07320665782884077,0.0718809839446163,0.1627632935631168,0.07629989689203123,0.034614818088083664,0.027102666077478275,0.04654588304610399,0.10266607747827368,0.367948151421417
