GameID,FG/MP_Home_Starter,FGA/MP_Home_Starter,3P/MP_Home_Starter,3PA/MP_Home_Starter,FT/MP_Home_Starter,FTA/MP_Home_Starter,ORB/MP_Home_Starter,DRB/MP_Home_Starter,AST/MP_Home_Starter,STL/MP_Home_Starter,BLK/MP_Home_Starter,TOV/MP_Home_Starter,PF/MP_Home_Starter,PTS/MP_Home_Starter,FG/MP_Home_Other,FGA/MP_Home_Other,3P/MP_Home_Other,3PA/MP_Home_Other,FT/MP_Home_Other,FTA/MP_Home_Other,ORB/MP_Home_Other,DRB/MP_Home_Other,AST/MP_Home_Other,STL/MP_Home_Other,BLK/MP_Home_Other,TOV/MP_Home_Other,PF/MP_Home_Other,PTS/MP_Home_Other,FG/MP_Away_Starter,FGA/MP_Away_Starter,3P/MP_Away_Starter,3PA/MP_Away_Starter,FT/MP_Away_Starter,FTA/MP_Away_Starter,ORB/MP_Away_Starter,DRB/MP_Away_Starter,AST/MP_Away_Starter,STL/MP_Away_Starter,BLK/MP_Away_Starter,TOV/MP_Away_Starter,PF/MP_Away_Starter,PTS/MP_Away_Starter,FG/MP_Away_Other,FGA/MP_Away_Other,3P/MP_Away_Other,3PA/MP_Away_Other,FT/MP_Away_Other,FTA/MP_Away_Other,ORB/MP_Away_Other,DRB/MP_Away_Other,AST/MP_Away_Other,STL/MP_Away_Other,BLK/MP_Away_Other,TOV/MP_Away_Other,PF/MP_Away_Other,PTS/MP_Away_Other
CLE vs TOR 2022,0.19065325783824896,0.42415279303642356,0.05907208653764895,0.16183554466322994,0.0759739710977774,0.0961717231471309,0.03946590044789994,0.11949632384010818,0.11121440040564523,0.03963491929350123,0.01487365841291304,0.05408603059241105,0.0721710470717485,0.5163525733119243,0.1431297709923664,0.32275763358778625,0.030295801526717556,0.09112595419847329,0.03649809160305344,0.06178435114503817,0.07609732824427481,0.15243320610687022,0.08969465648854962,0.03625954198473282,0.018606870229007633,0.051288167938931296,0.09112595419847329,0.3530534351145038,0.21936516906847509,0.45003296599792786,0.04822454554017142,0.13808043703494396,0.09042102288782142,0.11604031270603749,0.04445700291984553,0.13374776302156918,0.13704436281435434,0.031929923707261935,0.021851747197890178,0.07374964679287935,0.061599321842328345,0.577375906564943,0.14856388246946187,0.32353912182238365,0.05238252448552878,0.1459227467811159,0.061626499394739735,0.0826455375811599,0.037746230879278087,0.12259271486739298,0.08616705183228789,0.027621877407285132,0.010564542753383956,0.044349070100143065,0.08330582150324639,0.41113678881919224
