GameID,FG/MP_Home_Starter,FGA/MP_Home_Starter,3P/MP_Home_Starter,3PA/MP_Home_Starter,FT/MP_Home_Starter,FTA/MP_Home_Starter,ORB/MP_Home_Starter,DRB/MP_Home_Starter,AST/MP_Home_Starter,STL/MP_Home_Starter,BLK/MP_Home_Starter,TOV/MP_Home_Starter,PF/MP_Home_Starter,PTS/MP_Home_Starter,FG/MP_Home_Other,FGA/MP_Home_Other,3P/MP_Home_Other,3PA/MP_Home_Other,FT/MP_Home_Other,FTA/MP_Home_Other,ORB/MP_Home_Other,DRB/MP_Home_Other,AST/MP_Home_Other,STL/MP_Home_Other,BLK/MP_Home_Other,TOV/MP_Home_Other,PF/MP_Home_Other,PTS/MP_Home_Other,FG/MP_Away_Starter,FGA/MP_Away_Starter,3P/MP_Away_Starter,3PA/MP_Away_Starter,FT/MP_Away_Starter,FTA/MP_Away_Starter,ORB/MP_Away_Starter,DRB/MP_Away_Starter,AST/MP_Away_Starter,STL/MP_Away_Starter,BLK/MP_Away_Starter,TOV/MP_Away_Starter,PF/MP_Away_Starter,PTS/MP_Away_Starter,FG/MP_Away_Other,FGA/MP_Away_Other,3P/MP_Away_Other,3PA/MP_Away_Other,FT/MP_Away_Other,FTA/MP_Away_Other,ORB/MP_Away_Other,DRB/MP_Away_Other,AST/MP_Away_Other,STL/MP_Away_Other,BLK/MP_Away_Other,TOV/MP_Away_Other,PF/MP_Away_Other,PTS/MP_Away_Other
CLE vs CHI 2022,0.21978166513218467,0.44166776272524005,0.042088649217414176,0.10943048796527687,0.12139944758647903,0.14296988031040378,0.016046297514139156,0.11324477180060502,0.1246876233065895,0.023411811127186637,0.01117979744837564,0.0626068657109036,0.06681573063264501,0.6030514270682625,0.13382056451612903,0.2745715725806452,0.03314012096774194,0.09362399193548387,0.05229334677419355,0.07182459677419355,0.06565020161290322,0.1537298387096774,0.08606350806451613,0.038558467741935484,0.025075604838709676,0.04700100806451613,0.10118447580645161,0.35307459677419356,0.19610542879622345,0.3969315499606609,0.038650668764752164,0.11496852871754525,0.08497246262785209,0.11270653029110936,0.049665617623918176,0.13414634146341464,0.09765932336742722,0.03009441384736428,0.0242918961447679,0.05832022029897718,0.06913847364280094,0.5158339889850512,0.1601316150260488,0.35042500685494926,0.05771867288182068,0.16095420893885384,0.06128324650397587,0.08321908417877708,0.03948450781464217,0.14080065807513023,0.091033726350425,0.027419797093501508,0.011379215793803125,0.048258842884562655,0.08582396490265971,0.4392651494378942
