GameID,FG/MP_Home_Starter,FGA/MP_Home_Starter,3P/MP_Home_Starter,3PA/MP_Home_Starter,FT/MP_Home_Starter,FTA/MP_Home_Starter,ORB/MP_Home_Starter,DRB/MP_Home_Starter,AST/MP_Home_Starter,STL/MP_Home_Starter,BLK/MP_Home_Starter,TOV/MP_Home_Starter,PF/MP_Home_Starter,PTS/MP_Home_Starter,FG/MP_Home_Other,FGA/MP_Home_Other,3P/MP_Home_Other,3PA/MP_Home_Other,FT/MP_Home_Other,FTA/MP_Home_Other,ORB/MP_Home_Other,DRB/MP_Home_Other,AST/MP_Home_Other,STL/MP_Home_Other,BLK/MP_Home_Other,TOV/MP_Home_Other,PF/MP_Home_Other,PTS/MP_Home_Other,FG/MP_Away_Starter,FGA/MP_Away_Starter,3P/MP_Away_Starter,3PA/MP_Away_Starter,FT/MP_Away_Starter,FTA/MP_Away_Starter,ORB/MP_Away_Starter,DRB/MP_Away_Starter,AST/MP_Away_Starter,STL/MP_Away_Starter,BLK/MP_Away_Starter,TOV/MP_Away_Starter,PF/MP_Away_Starter,PTS/MP_Away_Starter,FG/MP_Away_Other,FGA/MP_Away_Other,3P/MP_Away_Other,3PA/MP_Away_Other,FT/MP_Away_Other,FTA/MP_Away_Other,ORB/MP_Away_Other,DRB/MP_Away_Other,AST/MP_Away_Other,STL/MP_Away_Other,BLK/MP_Away_Other,TOV/MP_Away_Other,PF/MP_Away_Other,PTS/MP_Away_Other
DAL vs SAC 2020,0.16637888505180068,0.34965466206216084,0.04131721756290084,0.11630488406512086,0.07856438085841144,0.10347804637395165,0.033547113961519485,0.11248149975333005,0.11223482979773064,0.030833744449926,0.015293537247163296,0.05426739023186976,0.07696102614701529,0.45263936852491365,0.16852264291017074,0.3749072011878248,0.061989606533036375,0.16567681267013115,0.05481316505815392,0.0706508290027221,0.04380103934669636,0.1550358822073744,0.08364266270725068,0.03464488987874288,0.019920811680277158,0.05790645879732739,0.10616184112843356,0.4538480574115318,0.19794476557482338,0.4468850353243417,0.07822736030828516,0.21798330122029544,0.10301862556197816,0.1338471419396275,0.04213230571612075,0.17071290944123313,0.11753371868978806,0.024277456647398842,0.02132305716120745,0.06332691072575465,0.0783558124598587,0.5771355170199101,0.14086444007858545,0.30805500982318273,0.04557956777996071,0.1275049115913556,0.04734774066797642,0.058742632612966604,0.0555992141453831,0.14597249508840865,0.0862475442043222,0.025540275049115914,0.0243614931237721,0.03595284872298625,0.08035363457760314,0.3746561886051081
