GameID,FG/MP_Home_Starter,FGA/MP_Home_Starter,3P/MP_Home_Starter,3PA/MP_Home_Starter,FT/MP_Home_Starter,FTA/MP_Home_Starter,ORB/MP_Home_Starter,DRB/MP_Home_Starter,AST/MP_Home_Starter,STL/MP_Home_Starter,BLK/MP_Home_Starter,TOV/MP_Home_Starter,PF/MP_Home_Starter,PTS/MP_Home_Starter,FG/MP_Home_Other,FGA/MP_Home_Other,3P/MP_Home_Other,3PA/MP_Home_Other,FT/MP_Home_Other,FTA/MP_Home_Other,ORB/MP_Home_Other,DRB/MP_Home_Other,AST/MP_Home_Other,STL/MP_Home_Other,BLK/MP_Home_Other,TOV/MP_Home_Other,PF/MP_Home_Other,PTS/MP_Home_Other,FG/MP_Away_Starter,FGA/MP_Away_Starter,3P/MP_Away_Starter,3PA/MP_Away_Starter,FT/MP_Away_Starter,FTA/MP_Away_Starter,ORB/MP_Away_Starter,DRB/MP_Away_Starter,AST/MP_Away_Starter,STL/MP_Away_Starter,BLK/MP_Away_Starter,TOV/MP_Away_Starter,PF/MP_Away_Starter,PTS/MP_Away_Starter,FG/MP_Away_Other,FGA/MP_Away_Other,3P/MP_Away_Other,3PA/MP_Away_Other,FT/MP_Away_Other,FTA/MP_Away_Other,ORB/MP_Away_Other,DRB/MP_Away_Other,AST/MP_Away_Other,STL/MP_Away_Other,BLK/MP_Away_Other,TOV/MP_Away_Other,PF/MP_Away_Other,PTS/MP_Away_Other
DAL vs PHX 2022,0.21268368136117555,0.4101204286819136,0.04065849077450005,0.11136890951276102,0.07965970610982212,0.09545906529665231,0.0320406584907745,0.14086841233012926,0.14363053806209258,0.03690199977902994,0.013479173571980996,0.05236990387802453,0.06695392774279085,0.5456855596066733,0.1440983606557377,0.3226229508196721,0.04475409836065574,0.13557377049180327,0.04819672131147541,0.06409836065573771,0.052295081967213115,0.13081967213114754,0.08918032786885247,0.03163934426229508,0.01918032786885246,0.04918032786885246,0.09672131147540984,0.38114754098360654,0.17621762176217623,0.3789378937893789,0.0628062806280628,0.17351735173517352,0.07570757075707571,0.10181018101810181,0.041904190419041906,0.1565156515651565,0.1189118911891189,0.027002700270027002,0.018301830183018303,0.061406140614061404,0.07700770077007701,0.49094909490949096,0.1547465912014407,0.31618214561358376,0.047208644198610754,0.13377926421404682,0.06920504244918961,0.09866220735785954,0.05402624131721122,0.1746848469256496,0.06534602521224595,0.026884486750707485,0.023668639053254437,0.04116285052739902,0.0937741188577309,0.42590686905068176
