GameID,FG/MP_Home_Starter,FGA/MP_Home_Starter,3P/MP_Home_Starter,3PA/MP_Home_Starter,FT/MP_Home_Starter,FTA/MP_Home_Starter,ORB/MP_Home_Starter,DRB/MP_Home_Starter,AST/MP_Home_Starter,STL/MP_Home_Starter,BLK/MP_Home_Starter,TOV/MP_Home_Starter,PF/MP_Home_Starter,PTS/MP_Home_Starter,FG/MP_Home_Other,FGA/MP_Home_Other,3P/MP_Home_Other,3PA/MP_Home_Other,FT/MP_Home_Other,FTA/MP_Home_Other,ORB/MP_Home_Other,DRB/MP_Home_Other,AST/MP_Home_Other,STL/MP_Home_Other,BLK/MP_Home_Other,TOV/MP_Home_Other,PF/MP_Home_Other,PTS/MP_Home_Other,FG/MP_Away_Starter,FGA/MP_Away_Starter,3P/MP_Away_Starter,3PA/MP_Away_Starter,FT/MP_Away_Starter,FTA/MP_Away_Starter,ORB/MP_Away_Starter,DRB/MP_Away_Starter,AST/MP_Away_Starter,STL/MP_Away_Starter,BLK/MP_Away_Starter,TOV/MP_Away_Starter,PF/MP_Away_Starter,PTS/MP_Away_Starter,FG/MP_Away_Other,FGA/MP_Away_Other,3P/MP_Away_Other,3PA/MP_Away_Other,FT/MP_Away_Other,FTA/MP_Away_Other,ORB/MP_Away_Other,DRB/MP_Away_Other,AST/MP_Away_Other,STL/MP_Away_Other,BLK/MP_Away_Other,TOV/MP_Away_Other,PF/MP_Away_Other,PTS/MP_Away_Other
DAL vs PHO 2020,0.17926186291739896,0.37459201606829023,0.04343459703740899,0.11925684157670098,0.09854381119758976,0.11285463218679387,0.03690685413005272,0.12703991965854883,0.14561888024102435,0.03565151895556114,0.016695957820738138,0.07218177253326638,0.08272658799899574,0.5005021340697966,0.14891179839633448,0.3267877597774505,0.046473572246768124,0.13483881525118638,0.056455571919489446,0.07363770250368189,0.045491736213385696,0.14694812632956963,0.09851088201603665,0.028309605629193258,0.014563901161839306,0.052691867124856816,0.10211094747177221,0.40075274095892655,0.19576174112256586,0.4325315005727377,0.08167239404352807,0.21832760595647194,0.09576174112256587,0.12462772050400917,0.038831615120274915,0.15738831615120275,0.10526918671248568,0.025200458190148912,0.019358533791523483,0.058648339060710195,0.07766323024054983,0.5689576174112256,0.14734811957569913,0.32131147540983607,0.049373191899710706,0.13461909353905496,0.04725168756027001,0.05824493731918997,0.053230472516875606,0.1411764705882353,0.10048216007714561,0.024493731918997105,0.023143683702989394,0.03934426229508197,0.076374156219865,0.39132111861137897
