GameID,FG/MP_Home_Starter,FGA/MP_Home_Starter,3P/MP_Home_Starter,3PA/MP_Home_Starter,FT/MP_Home_Starter,FTA/MP_Home_Starter,ORB/MP_Home_Starter,DRB/MP_Home_Starter,AST/MP_Home_Starter,STL/MP_Home_Starter,BLK/MP_Home_Starter,TOV/MP_Home_Starter,PF/MP_Home_Starter,PTS/MP_Home_Starter,FG/MP_Home_Other,FGA/MP_Home_Other,3P/MP_Home_Other,3PA/MP_Home_Other,FT/MP_Home_Other,FTA/MP_Home_Other,ORB/MP_Home_Other,DRB/MP_Home_Other,AST/MP_Home_Other,STL/MP_Home_Other,BLK/MP_Home_Other,TOV/MP_Home_Other,PF/MP_Home_Other,PTS/MP_Home_Other,FG/MP_Away_Starter,FGA/MP_Away_Starter,3P/MP_Away_Starter,3PA/MP_Away_Starter,FT/MP_Away_Starter,FTA/MP_Away_Starter,ORB/MP_Away_Starter,DRB/MP_Away_Starter,AST/MP_Away_Starter,STL/MP_Away_Starter,BLK/MP_Away_Starter,TOV/MP_Away_Starter,PF/MP_Away_Starter,PTS/MP_Away_Starter,FG/MP_Away_Other,FGA/MP_Away_Other,3P/MP_Away_Other,3PA/MP_Away_Other,FT/MP_Away_Other,FTA/MP_Away_Other,ORB/MP_Away_Other,DRB/MP_Away_Other,AST/MP_Away_Other,STL/MP_Away_Other,BLK/MP_Away_Other,TOV/MP_Away_Other,PF/MP_Away_Other,PTS/MP_Away_Other
DAL vs UTA 2020,0.14722955145118732,0.3015303430079156,0.04939313984168865,0.13013192612137203,0.06532981530343009,0.08981530343007915,0.038100263852242744,0.16232189973614775,0.10343007915567283,0.02670184696569921,0.02058047493403694,0.0545646437994723,0.08179419525065963,0.4091820580474934,0.15390147428982381,0.3157137720244516,0.042430780294857966,0.11398777418194894,0.04566702624955052,0.06328658755843222,0.06220783890686803,0.16109313196691838,0.06724199928083423,0.02481121898597627,0.020136641495864797,0.05465659834591873,0.11686443725278677,0.3959007551240561,0.1791469194312796,0.3971563981042654,0.07886255924170617,0.2003791469194313,0.05800947867298578,0.07165876777251184,0.02767772511848341,0.110521327014218,0.07924170616113745,0.02009478672985782,0.0064454976303317535,0.03829383886255924,0.07014218009478673,0.49516587677725116,0.12798804780876494,0.2826195219123506,0.04805776892430279,0.12873505976095617,0.045318725099601595,0.05552788844621514,0.05154382470119522,0.13595617529880477,0.09910358565737051,0.029133466135458166,0.026892430278884463,0.03809760956175299,0.07918326693227092,0.3493525896414343
