GameID,FG/MP_Home_Starter,FGA/MP_Home_Starter,3P/MP_Home_Starter,3PA/MP_Home_Starter,FT/MP_Home_Starter,FTA/MP_Home_Starter,ORB/MP_Home_Starter,DRB/MP_Home_Starter,AST/MP_Home_Starter,STL/MP_Home_Starter,BLK/MP_Home_Starter,TOV/MP_Home_Starter,PF/MP_Home_Starter,PTS/MP_Home_Starter,FG/MP_Home_Other,FGA/MP_Home_Other,3P/MP_Home_Other,3PA/MP_Home_Other,FT/MP_Home_Other,FTA/MP_Home_Other,ORB/MP_Home_Other,DRB/MP_Home_Other,AST/MP_Home_Other,STL/MP_Home_Other,BLK/MP_Home_Other,TOV/MP_Home_Other,PF/MP_Home_Other,PTS/MP_Home_Other,FG/MP_Away_Starter,FGA/MP_Away_Starter,3P/MP_Away_Starter,3PA/MP_Away_Starter,FT/MP_Away_Starter,FTA/MP_Away_Starter,ORB/MP_Away_Starter,DRB/MP_Away_Starter,AST/MP_Away_Starter,STL/MP_Away_Starter,BLK/MP_Away_Starter,TOV/MP_Away_Starter,PF/MP_Away_Starter,PTS/MP_Away_Starter,FG/MP_Away_Other,FGA/MP_Away_Other,3P/MP_Away_Other,3PA/MP_Away_Other,FT/MP_Away_Other,FTA/MP_Away_Other,ORB/MP_Away_Other,DRB/MP_Away_Other,AST/MP_Away_Other,STL/MP_Away_Other,BLK/MP_Away_Other,TOV/MP_Away_Other,PF/MP_Away_Other,PTS/MP_Away_Other
DEN vs OKC 2020,0.18421052631578946,0.38079068639340286,0.045234052874120786,0.12090710647586708,0.10453553237933544,0.12939607082221682,0.038321610477807425,0.1581372786805724,0.11217560029105021,0.03492602473926752,0.01540140674266311,0.05287412078583556,0.06196943972835314,0.5181906378850352,0.13558920965451965,0.28466635115948885,0.03170847136772362,0.09820160908660672,0.04945575011831519,0.06838618078561287,0.039990534784666354,0.15830572645527685,0.04377662091812589,0.0326549929010885,0.04046379555134879,0.047326076668244205,0.09962139138665405,0.3523426407950781,0.18849840255591055,0.3806709265175719,0.04121405750798722,0.11389776357827476,0.07028753993610223,0.08738019169329074,0.058945686900958465,0.16661341853035144,0.13322683706070287,0.03354632587859425,0.022364217252396165,0.060063897763578275,0.09520766773162939,0.48849840255591054,0.15277460607444623,0.3169673441424983,0.039050011418132,0.1107558803379767,0.06782370404201872,0.10093628682347568,0.050696506051609955,0.13930121032199133,0.07124914364010047,0.027175154144781912,0.027403516784654032,0.04293217629595798,0.0943137702671843,0.41242292760904314
