GameID,FG/MP_Home_Starter,FGA/MP_Home_Starter,3P/MP_Home_Starter,3PA/MP_Home_Starter,FT/MP_Home_Starter,FTA/MP_Home_Starter,ORB/MP_Home_Starter,DRB/MP_Home_Starter,AST/MP_Home_Starter,STL/MP_Home_Starter,BLK/MP_Home_Starter,TOV/MP_Home_Starter,PF/MP_Home_Starter,PTS/MP_Home_Starter,FG/MP_Home_Other,FGA/MP_Home_Other,3P/MP_Home_Other,3PA/MP_Home_Other,FT/MP_Home_Other,FTA/MP_Home_Other,ORB/MP_Home_Other,DRB/MP_Home_Other,AST/MP_Home_Other,STL/MP_Home_Other,BLK/MP_Home_Other,TOV/MP_Home_Other,PF/MP_Home_Other,PTS/MP_Home_Other,FG/MP_Away_Starter,FGA/MP_Away_Starter,3P/MP_Away_Starter,3PA/MP_Away_Starter,FT/MP_Away_Starter,FTA/MP_Away_Starter,ORB/MP_Away_Starter,DRB/MP_Away_Starter,AST/MP_Away_Starter,STL/MP_Away_Starter,BLK/MP_Away_Starter,TOV/MP_Away_Starter,PF/MP_Away_Starter,PTS/MP_Away_Starter,FG/MP_Away_Other,FGA/MP_Away_Other,3P/MP_Away_Other,3PA/MP_Away_Other,FT/MP_Away_Other,FTA/MP_Away_Other,ORB/MP_Away_Other,DRB/MP_Away_Other,AST/MP_Away_Other,STL/MP_Away_Other,BLK/MP_Away_Other,TOV/MP_Away_Other,PF/MP_Away_Other,PTS/MP_Away_Other
DEN vs SAS 2020,0.18193224592220827,0.36386449184441655,0.020493517356754497,0.05506761466610902,0.09479994423532692,0.11863934197685766,0.03861703610762582,0.1520981458246201,0.13787815418932106,0.037641154328732745,0.026627631395510942,0.060225846925972396,0.0876899484176774,0.479157953436498,0.16719090249213647,0.37817565932736513,0.06798935398015969,0.1863053472054198,0.06968303895475442,0.08323251875151222,0.030486329542705057,0.13138156302927656,0.07476409387853859,0.024679409629808857,0.013307524800387127,0.04427776433583353,0.07258649891120252,0.472054197919187,0.1889751552795031,0.3804347826086957,0.04083850931677019,0.11350931677018633,0.07267080745341616,0.09006211180124224,0.05854037267080745,0.16645962732919253,0.13245341614906833,0.03369565217391304,0.021894409937888198,0.05962732919254658,0.09580745341614907,0.49145962732919257,0.1509307019511101,0.31531733572549897,0.03857367122673245,0.11011437542049787,0.06705539358600583,0.10047095761381476,0.050011213276519396,0.13859609777977125,0.07086790760260148,0.027360394707333483,0.027360394707333483,0.042834716304104056,0.09419152276295134,0.40749046871495853
