GameID,FG/MP_Home_Starter,FGA/MP_Home_Starter,3P/MP_Home_Starter,3PA/MP_Home_Starter,FT/MP_Home_Starter,FTA/MP_Home_Starter,ORB/MP_Home_Starter,DRB/MP_Home_Starter,AST/MP_Home_Starter,STL/MP_Home_Starter,BLK/MP_Home_Starter,TOV/MP_Home_Starter,PF/MP_Home_Starter,PTS/MP_Home_Starter,FG/MP_Home_Other,FGA/MP_Home_Other,3P/MP_Home_Other,3PA/MP_Home_Other,FT/MP_Home_Other,FTA/MP_Home_Other,ORB/MP_Home_Other,DRB/MP_Home_Other,AST/MP_Home_Other,STL/MP_Home_Other,BLK/MP_Home_Other,TOV/MP_Home_Other,PF/MP_Home_Other,PTS/MP_Home_Other,FG/MP_Away_Starter,FGA/MP_Away_Starter,3P/MP_Away_Starter,3PA/MP_Away_Starter,FT/MP_Away_Starter,FTA/MP_Away_Starter,ORB/MP_Away_Starter,DRB/MP_Away_Starter,AST/MP_Away_Starter,STL/MP_Away_Starter,BLK/MP_Away_Starter,TOV/MP_Away_Starter,PF/MP_Away_Starter,PTS/MP_Away_Starter,FG/MP_Away_Other,FGA/MP_Away_Other,3P/MP_Away_Other,3PA/MP_Away_Other,FT/MP_Away_Other,FTA/MP_Away_Other,ORB/MP_Away_Other,DRB/MP_Away_Other,AST/MP_Away_Other,STL/MP_Away_Other,BLK/MP_Away_Other,TOV/MP_Away_Other,PF/MP_Away_Other,PTS/MP_Away_Other
DEN vs TOR 2020,0.1556648382825799,0.33100056742954415,0.05731038396065822,0.14564024966899944,0.06166067713258937,0.0777378475505958,0.04180064308681672,0.15150368829203706,0.0881407225269529,0.03480234537544921,0.01777945905050123,0.052203518063173825,0.09419330433137886,0.43030073765840743,0.13942307692307693,0.3261217948717949,0.03926282051282051,0.13701923076923078,0.09054487179487179,0.1201923076923077,0.09775641025641026,0.18509615384615385,0.04887820512820513,0.030448717948717948,0.05368589743589743,0.04006410256410257,0.1266025641025641,0.40865384615384615,0.19106759016001912,0.3916885598280392,0.045736804394554575,0.1290900406018629,0.08275614998805828,0.10257941246716026,0.0509911631239551,0.1480773823740148,0.120014330069262,0.03176498686410318,0.021853355624552186,0.06066395987580606,0.09063768808215907,0.5106281347026511,0.1526327009166489,0.31805585163078237,0.03389469196333404,0.09784694095075677,0.054785759965892133,0.08207205286719249,0.04412705180132168,0.12726497548497123,0.11404817736090386,0.03005755702408868,0.01918567469622682,0.04519292261777873,0.08143253037731826,0.393945853762524
