GameID,FG/MP_Home_Starter,FGA/MP_Home_Starter,3P/MP_Home_Starter,3PA/MP_Home_Starter,FT/MP_Home_Starter,FTA/MP_Home_Starter,ORB/MP_Home_Starter,DRB/MP_Home_Starter,AST/MP_Home_Starter,STL/MP_Home_Starter,BLK/MP_Home_Starter,TOV/MP_Home_Starter,PF/MP_Home_Starter,PTS/MP_Home_Starter,FG/MP_Home_Other,FGA/MP_Home_Other,3P/MP_Home_Other,3PA/MP_Home_Other,FT/MP_Home_Other,FTA/MP_Home_Other,ORB/MP_Home_Other,DRB/MP_Home_Other,AST/MP_Home_Other,STL/MP_Home_Other,BLK/MP_Home_Other,TOV/MP_Home_Other,PF/MP_Home_Other,PTS/MP_Home_Other,FG/MP_Away_Starter,FGA/MP_Away_Starter,3P/MP_Away_Starter,3PA/MP_Away_Starter,FT/MP_Away_Starter,FTA/MP_Away_Starter,ORB/MP_Away_Starter,DRB/MP_Away_Starter,AST/MP_Away_Starter,STL/MP_Away_Starter,BLK/MP_Away_Starter,TOV/MP_Away_Starter,PF/MP_Away_Starter,PTS/MP_Away_Starter,FG/MP_Away_Other,FGA/MP_Away_Other,3P/MP_Away_Other,3PA/MP_Away_Other,FT/MP_Away_Other,FTA/MP_Away_Other,ORB/MP_Away_Other,DRB/MP_Away_Other,AST/MP_Away_Other,STL/MP_Away_Other,BLK/MP_Away_Other,TOV/MP_Away_Other,PF/MP_Away_Other,PTS/MP_Away_Other
DEN vs GSW 2022,0.18719269491922266,0.402364785764458,0.06696324045890892,0.17560290330133457,0.07082650433153828,0.09365488176071178,0.045305549051744325,0.15570124092718332,0.1332240693046125,0.03371575743385624,0.022594240224771717,0.06626082884570358,0.08112854132521657,0.5121751346288925,0.17966295344187375,0.3901742359325907,0.05998286203941731,0.1740931162524993,0.08697514995715509,0.10768351899457299,0.04013139103113396,0.13853184804341617,0.08483290488431877,0.028563267637817767,0.017852042273636105,0.06612396458154812,0.106112539274493,0.5062839188803199,0.20086767895878524,0.3886117136659436,0.042407809110629066,0.11908893709327549,0.08557483731019523,0.10726681127982647,0.05216919739696312,0.17809110629067246,0.11735357917570499,0.035032537960954444,0.020281995661605205,0.06279826464208244,0.07266811279826464,0.5297180043383948,0.15319623784473138,0.32201498485573093,0.045113980551570225,0.1209947393591583,0.05738880918220947,0.07444603857803284,0.03714331260959668,0.1347042882193528,0.0991551091981508,0.026781444285031087,0.020245496572612785,0.0495775545990754,0.0948509485094851,0.40889526542324245
