GameID,FG/MP_Home_Starter,FGA/MP_Home_Starter,3P/MP_Home_Starter,3PA/MP_Home_Starter,FT/MP_Home_Starter,FTA/MP_Home_Starter,ORB/MP_Home_Starter,DRB/MP_Home_Starter,AST/MP_Home_Starter,STL/MP_Home_Starter,BLK/MP_Home_Starter,TOV/MP_Home_Starter,PF/MP_Home_Starter,PTS/MP_Home_Starter,FG/MP_Home_Other,FGA/MP_Home_Other,3P/MP_Home_Other,3PA/MP_Home_Other,FT/MP_Home_Other,FTA/MP_Home_Other,ORB/MP_Home_Other,DRB/MP_Home_Other,AST/MP_Home_Other,STL/MP_Home_Other,BLK/MP_Home_Other,TOV/MP_Home_Other,PF/MP_Home_Other,PTS/MP_Home_Other,FG/MP_Away_Starter,FGA/MP_Away_Starter,3P/MP_Away_Starter,3PA/MP_Away_Starter,FT/MP_Away_Starter,FTA/MP_Away_Starter,ORB/MP_Away_Starter,DRB/MP_Away_Starter,AST/MP_Away_Starter,STL/MP_Away_Starter,BLK/MP_Away_Starter,TOV/MP_Away_Starter,PF/MP_Away_Starter,PTS/MP_Away_Starter,FG/MP_Away_Other,FGA/MP_Away_Other,3P/MP_Away_Other,3PA/MP_Away_Other,FT/MP_Away_Other,FTA/MP_Away_Other,ORB/MP_Away_Other,DRB/MP_Away_Other,AST/MP_Away_Other,STL/MP_Away_Other,BLK/MP_Away_Other,TOV/MP_Away_Other,PF/MP_Away_Other,PTS/MP_Away_Other
DEN vs UTA 2022,0.16775599128540306,0.3731223483545465,0.06157550739594083,0.17475060199518405,0.06490081412682032,0.08198601077858043,0.050682261208576995,0.1369109047127623,0.09918587317968124,0.03864235752780645,0.015135878912968696,0.05010893246187364,0.0804953560371517,0.4619883040935672,0.16050702504581552,0.40500916310323765,0.07330482590103848,0.21731826511912034,0.05070250458155162,0.06490531459987782,0.028100183262064753,0.11362248014660965,0.08109346365302382,0.028863775198533902,0.012675626145387905,0.04718998167379353,0.07406841783750763,0.44502138057422114,0.2157377049180328,0.4228415300546448,0.0526775956284153,0.14426229508196722,0.09016393442622951,0.11081967213114755,0.04568306010928962,0.16983606557377048,0.1273224043715847,0.033879781420765025,0.016174863387978144,0.06896174863387979,0.06437158469945355,0.5743169398907104,0.1512364856468249,0.31390580340499563,0.03989064247545669,0.10600223685845657,0.05679135081396794,0.0739405989809867,0.0413818814465018,0.13545420653659748,0.09568783397539456,0.030446128992170994,0.02224431465142289,0.04560705853112961,0.09581210388964832,0.3991549645830744
