GameID,FG/MP_Home_Starter,FGA/MP_Home_Starter,3P/MP_Home_Starter,3PA/MP_Home_Starter,FT/MP_Home_Starter,FTA/MP_Home_Starter,ORB/MP_Home_Starter,DRB/MP_Home_Starter,AST/MP_Home_Starter,STL/MP_Home_Starter,BLK/MP_Home_Starter,TOV/MP_Home_Starter,PF/MP_Home_Starter,PTS/MP_Home_Starter,FG/MP_Home_Other,FGA/MP_Home_Other,3P/MP_Home_Other,3PA/MP_Home_Other,FT/MP_Home_Other,FTA/MP_Home_Other,ORB/MP_Home_Other,DRB/MP_Home_Other,AST/MP_Home_Other,STL/MP_Home_Other,BLK/MP_Home_Other,TOV/MP_Home_Other,PF/MP_Home_Other,PTS/MP_Home_Other,FG/MP_Away_Starter,FGA/MP_Away_Starter,3P/MP_Away_Starter,3PA/MP_Away_Starter,FT/MP_Away_Starter,FTA/MP_Away_Starter,ORB/MP_Away_Starter,DRB/MP_Away_Starter,AST/MP_Away_Starter,STL/MP_Away_Starter,BLK/MP_Away_Starter,TOV/MP_Away_Starter,PF/MP_Away_Starter,PTS/MP_Away_Starter,FG/MP_Away_Other,FGA/MP_Away_Other,3P/MP_Away_Other,3PA/MP_Away_Other,FT/MP_Away_Other,FTA/MP_Away_Other,ORB/MP_Away_Other,DRB/MP_Away_Other,AST/MP_Away_Other,STL/MP_Away_Other,BLK/MP_Away_Other,TOV/MP_Away_Other,PF/MP_Away_Other,PTS/MP_Away_Other
DET vs NYK 2022,0.18544179283209306,0.40680865623128903,0.05072277820545719,0.1424172440338722,0.0804037293644684,0.11239414934565051,0.04815670173637841,0.14515439226755625,0.09956376700025661,0.02557522880848516,0.018048071165854076,0.058592079377298774,0.07467282525019246,0.5020100932341117,0.16007879185817467,0.3483913328956008,0.048325673013788574,0.14208798424162836,0.07156927117531188,0.08903479973736048,0.045699277741300066,0.1304005252790545,0.10164149704530531,0.03282994090610637,0.021930400525279056,0.051871306631648066,0.08942875902823375,0.4400525279054498,0.17085351089588377,0.40208837772397094,0.051452784503631964,0.15420702179176757,0.06446731234866829,0.07944915254237288,0.059170702179176755,0.1545096852300242,0.10154358353510896,0.026180387409200968,0.020732445520581115,0.06280266343825666,0.0815677966101695,0.4576271186440678,0.1294192929131339,0.29227323628219487,0.03375459926411774,0.10254359302511598,0.049752039673652215,0.0668693009118541,0.03839385698288274,0.12270036794112942,0.10862262038073908,0.04095344744840825,0.01919692849144137,0.05055191169412894,0.10286354183330668,0.3423452247640378
