GameID,FG/MP_Home_Starter,FGA/MP_Home_Starter,3P/MP_Home_Starter,3PA/MP_Home_Starter,FT/MP_Home_Starter,FTA/MP_Home_Starter,ORB/MP_Home_Starter,DRB/MP_Home_Starter,AST/MP_Home_Starter,STL/MP_Home_Starter,BLK/MP_Home_Starter,TOV/MP_Home_Starter,PF/MP_Home_Starter,PTS/MP_Home_Starter,FG/MP_Home_Other,FGA/MP_Home_Other,3P/MP_Home_Other,3PA/MP_Home_Other,FT/MP_Home_Other,FTA/MP_Home_Other,ORB/MP_Home_Other,DRB/MP_Home_Other,AST/MP_Home_Other,STL/MP_Home_Other,BLK/MP_Home_Other,TOV/MP_Home_Other,PF/MP_Home_Other,PTS/MP_Home_Other,FG/MP_Away_Starter,FGA/MP_Away_Starter,3P/MP_Away_Starter,3PA/MP_Away_Starter,FT/MP_Away_Starter,FTA/MP_Away_Starter,ORB/MP_Away_Starter,DRB/MP_Away_Starter,AST/MP_Away_Starter,STL/MP_Away_Starter,BLK/MP_Away_Starter,TOV/MP_Away_Starter,PF/MP_Away_Starter,PTS/MP_Away_Starter,FG/MP_Away_Other,FGA/MP_Away_Other,3P/MP_Away_Other,3PA/MP_Away_Other,FT/MP_Away_Other,FTA/MP_Away_Other,ORB/MP_Away_Other,DRB/MP_Away_Other,AST/MP_Away_Other,STL/MP_Away_Other,BLK/MP_Away_Other,TOV/MP_Away_Other,PF/MP_Away_Other,PTS/MP_Away_Other
DET vs IND 2022,0.17141277301631186,0.37945811445949684,0.0689798175283384,0.18772463367431574,0.059441526126624275,0.07367984517555985,0.04188554050317943,0.12524191318772462,0.12620956593862317,0.036909040641415536,0.02377661045064971,0.06427978988111695,0.07782692839369644,0.4712468896875864,0.15427945548427477,0.3307776560788609,0.038335158817086525,0.11391018619934283,0.055077452667814115,0.07807854795806603,0.06164919417931466,0.13206071037396339,0.0849632295415428,0.030355186981693007,0.0208105147864184,0.0453763104365514,0.09294320137693632,0.4019715224534502,0.17085351089588377,0.40208837772397094,0.051452784503631964,0.15420702179176757,0.06446731234866829,0.07944915254237288,0.059170702179176755,0.1545096852300242,0.10154358353510896,0.026180387409200968,0.020732445520581115,0.06280266343825666,0.0815677966101695,0.4576271186440678,0.12812782634911063,0.28896593307205304,0.03587579137775098,0.1062707265601447,0.04868857401266204,0.06511908350919506,0.038438347904733196,0.12194754296050649,0.10551703346397347,0.04054868857401266,0.019143804642749472,0.04989448296653603,0.10250226107928852,0.3408200180886343
