GameID,FG/MP_Home_Starter,FGA/MP_Home_Starter,3P/MP_Home_Starter,3PA/MP_Home_Starter,FT/MP_Home_Starter,FTA/MP_Home_Starter,ORB/MP_Home_Starter,DRB/MP_Home_Starter,AST/MP_Home_Starter,STL/MP_Home_Starter,BLK/MP_Home_Starter,TOV/MP_Home_Starter,PF/MP_Home_Starter,PTS/MP_Home_Starter,FG/MP_Home_Other,FGA/MP_Home_Other,3P/MP_Home_Other,3PA/MP_Home_Other,FT/MP_Home_Other,FTA/MP_Home_Other,ORB/MP_Home_Other,DRB/MP_Home_Other,AST/MP_Home_Other,STL/MP_Home_Other,BLK/MP_Home_Other,TOV/MP_Home_Other,PF/MP_Home_Other,PTS/MP_Home_Other,FG/MP_Away_Starter,FGA/MP_Away_Starter,3P/MP_Away_Starter,3PA/MP_Away_Starter,FT/MP_Away_Starter,FTA/MP_Away_Starter,ORB/MP_Away_Starter,DRB/MP_Away_Starter,AST/MP_Away_Starter,STL/MP_Away_Starter,BLK/MP_Away_Starter,TOV/MP_Away_Starter,PF/MP_Away_Starter,PTS/MP_Away_Starter,FG/MP_Away_Other,FGA/MP_Away_Other,3P/MP_Away_Other,3PA/MP_Away_Other,FT/MP_Away_Other,FTA/MP_Away_Other,ORB/MP_Away_Other,DRB/MP_Away_Other,AST/MP_Away_Other,STL/MP_Away_Other,BLK/MP_Away_Other,TOV/MP_Away_Other,PF/MP_Away_Other,PTS/MP_Away_Other
HOU vs MIL 2022,0.21310149615851193,0.4248551017657366,0.060250707642539425,0.15837713977625018,0.10634856449656288,0.14301118749157568,0.03612346677449791,0.16120770993395336,0.14112414071977356,0.034775576223210675,0.02250977220649683,0.06618142606820326,0.07305566787976817,0.5928022644561262,0.1498961937716263,0.32761245674740486,0.05079584775086505,0.14131487889273356,0.0386159169550173,0.04955017301038062,0.0584083044982699,0.1572318339100346,0.05453287197231834,0.02477508650519031,0.018823529411764704,0.04013840830449827,0.08401384083044983,0.38920415224913496,0.17740429505135388,0.4215686274509804,0.07399626517273576,0.20798319327731093,0.07399626517273576,0.10177404295051354,0.022642390289449112,0.11181139122315593,0.13281979458450047,0.028711484593837534,0.011904761904761904,0.07773109243697479,0.06699346405228758,0.5028011204481793,0.1388646288209607,0.31965065502183404,0.05909752547307132,0.17612809315866085,0.07423580786026202,0.10043668122270742,0.028820960698689956,0.10160116448326055,0.07481804949053858,0.03988355167394469,0.011644832605531296,0.05705967976710335,0.09024745269286755,0.4110625909752547
