GameID,FG/MP_Home_Starter,FGA/MP_Home_Starter,3P/MP_Home_Starter,3PA/MP_Home_Starter,FT/MP_Home_Starter,FTA/MP_Home_Starter,ORB/MP_Home_Starter,DRB/MP_Home_Starter,AST/MP_Home_Starter,STL/MP_Home_Starter,BLK/MP_Home_Starter,TOV/MP_Home_Starter,PF/MP_Home_Starter,PTS/MP_Home_Starter,FG/MP_Home_Other,FGA/MP_Home_Other,3P/MP_Home_Other,3PA/MP_Home_Other,FT/MP_Home_Other,FTA/MP_Home_Other,ORB/MP_Home_Other,DRB/MP_Home_Other,AST/MP_Home_Other,STL/MP_Home_Other,BLK/MP_Home_Other,TOV/MP_Home_Other,PF/MP_Home_Other,PTS/MP_Home_Other,FG/MP_Away_Starter,FGA/MP_Away_Starter,3P/MP_Away_Starter,3PA/MP_Away_Starter,FT/MP_Away_Starter,FTA/MP_Away_Starter,ORB/MP_Away_Starter,DRB/MP_Away_Starter,AST/MP_Away_Starter,STL/MP_Away_Starter,BLK/MP_Away_Starter,TOV/MP_Away_Starter,PF/MP_Away_Starter,PTS/MP_Away_Starter,FG/MP_Away_Other,FGA/MP_Away_Other,3P/MP_Away_Other,3PA/MP_Away_Other,FT/MP_Away_Other,FTA/MP_Away_Other,ORB/MP_Away_Other,DRB/MP_Away_Other,AST/MP_Away_Other,STL/MP_Away_Other,BLK/MP_Away_Other,TOV/MP_Away_Other,PF/MP_Away_Other,PTS/MP_Away_Other
HOU vs SAS 2020,0.18141185749967134,0.3649270408833969,0.02142763244380176,0.057972919679242806,0.09504403838569739,0.11870645458130669,0.03878007098724859,0.15104509004863942,0.13684764033127383,0.037465492309714736,0.026423031418430394,0.05994478769554358,0.08728802418824767,0.47929538582884185,0.16784815915847245,0.37685799222501715,0.06791676194831923,0.1845415046878573,0.06974616967756689,0.08209467184998856,0.02995655156643037,0.13171735650583125,0.07729247656071347,0.02744111593871484,0.013491882003201464,0.044591813400411615,0.0718042533729705,0.473359249942831,0.16218042572361752,0.36085144723504897,0.06183128730712918,0.17558283590494425,0.060029282576866766,0.07771145399256674,0.03547696812704133,0.1486653902466494,0.07726095281000113,0.03885572699628337,0.01937155085032098,0.05665052370762473,0.09730825543417052,0.446221421331231,0.12908182865923934,0.30272762197464465,0.0549366116019977,0.16404149058778333,0.04802151363810987,0.07107184018440262,0.03457548981943911,0.10449481367652709,0.06569343065693431,0.029197080291970802,0.016903572800614674,0.03803303880138302,0.0987322320399539,0.36112178255858624
