GameID,FG/MP_Home_Starter,FGA/MP_Home_Starter,3P/MP_Home_Starter,3PA/MP_Home_Starter,FT/MP_Home_Starter,FTA/MP_Home_Starter,ORB/MP_Home_Starter,DRB/MP_Home_Starter,AST/MP_Home_Starter,STL/MP_Home_Starter,BLK/MP_Home_Starter,TOV/MP_Home_Starter,PF/MP_Home_Starter,PTS/MP_Home_Starter,FG/MP_Home_Other,FGA/MP_Home_Other,3P/MP_Home_Other,3PA/MP_Home_Other,FT/MP_Home_Other,FTA/MP_Home_Other,ORB/MP_Home_Other,DRB/MP_Home_Other,AST/MP_Home_Other,STL/MP_Home_Other,BLK/MP_Home_Other,TOV/MP_Home_Other,PF/MP_Home_Other,PTS/MP_Home_Other,FG/MP_Away_Starter,FGA/MP_Away_Starter,3P/MP_Away_Starter,3PA/MP_Away_Starter,FT/MP_Away_Starter,FTA/MP_Away_Starter,ORB/MP_Away_Starter,DRB/MP_Away_Starter,AST/MP_Away_Starter,STL/MP_Away_Starter,BLK/MP_Away_Starter,TOV/MP_Away_Starter,PF/MP_Away_Starter,PTS/MP_Away_Starter,FG/MP_Away_Other,FGA/MP_Away_Other,3P/MP_Away_Other,3PA/MP_Away_Other,FT/MP_Away_Other,FTA/MP_Away_Other,ORB/MP_Away_Other,DRB/MP_Away_Other,AST/MP_Away_Other,STL/MP_Away_Other,BLK/MP_Away_Other,TOV/MP_Away_Other,PF/MP_Away_Other,PTS/MP_Away_Other
HOU vs DAL 2020,0.19597989949748743,0.4323945307935024,0.08203809746406451,0.21876825990417204,0.09477620661446769,0.12329087296949866,0.03879864438471427,0.15683066495267034,0.10506018464415098,0.02500876475400257,0.019399322192357134,0.05784737641696856,0.07607806474231624,0.5687741030735071,0.1464755546828981,0.32142155900255254,0.04830159041822109,0.1341056351855488,0.047516198704103674,0.058315334773218146,0.05301394070292558,0.1417632043981936,0.1003337914784999,0.024739838994698605,0.023365403494993126,0.03946593363440016,0.07598664834086001,0.38876889848812096,0.18272225012556503,0.410748367654445,0.06810647915620291,0.19708689100954294,0.10838774485183325,0.13078854846810647,0.0371672526368659,0.1534907081868408,0.1077850326469111,0.042491210447011554,0.021396283274736312,0.07212456052235058,0.0921145153189352,0.5419387242591662,0.13800229621125143,0.3166475315729047,0.07508610792192882,0.20367393800229622,0.04638346727898967,0.06567164179104477,0.025028702640642938,0.09827784156142365,0.05281285878300804,0.027095292766934558,0.012629161882893225,0.03673938002296211,0.09070034443168772,0.39747416762342136
