GameID,FG/MP_Home_Starter,FGA/MP_Home_Starter,3P/MP_Home_Starter,3PA/MP_Home_Starter,FT/MP_Home_Starter,FTA/MP_Home_Starter,ORB/MP_Home_Starter,DRB/MP_Home_Starter,AST/MP_Home_Starter,STL/MP_Home_Starter,BLK/MP_Home_Starter,TOV/MP_Home_Starter,PF/MP_Home_Starter,PTS/MP_Home_Starter,FG/MP_Home_Other,FGA/MP_Home_Other,3P/MP_Home_Other,3PA/MP_Home_Other,FT/MP_Home_Other,FTA/MP_Home_Other,ORB/MP_Home_Other,DRB/MP_Home_Other,AST/MP_Home_Other,STL/MP_Home_Other,BLK/MP_Home_Other,TOV/MP_Home_Other,PF/MP_Home_Other,PTS/MP_Home_Other,FG/MP_Away_Starter,FGA/MP_Away_Starter,3P/MP_Away_Starter,3PA/MP_Away_Starter,FT/MP_Away_Starter,FTA/MP_Away_Starter,ORB/MP_Away_Starter,DRB/MP_Away_Starter,AST/MP_Away_Starter,STL/MP_Away_Starter,BLK/MP_Away_Starter,TOV/MP_Away_Starter,PF/MP_Away_Starter,PTS/MP_Away_Starter,FG/MP_Away_Other,FGA/MP_Away_Other,3P/MP_Away_Other,3PA/MP_Away_Other,FT/MP_Away_Other,FTA/MP_Away_Other,ORB/MP_Away_Other,DRB/MP_Away_Other,AST/MP_Away_Other,STL/MP_Away_Other,BLK/MP_Away_Other,TOV/MP_Away_Other,PF/MP_Away_Other,PTS/MP_Away_Other
HOU vs ATL 2022,0.21815533980582524,0.44737864077669903,0.04533980582524272,0.12388349514563107,0.10067961165048543,0.1266019417475728,0.051262135922330095,0.1741747572815534,0.1574757281553398,0.032427184466019415,0.019417475728155338,0.06368932038834951,0.0729126213592233,0.5823300970873786,0.13319273199221285,0.29039584685269304,0.04428942245295263,0.1273523685918235,0.046236210253082416,0.06018818948734588,0.038124594419208305,0.10950681375730045,0.08857884490590526,0.03406878650227125,0.02109020116807268,0.04737183646982479,0.09214795587280987,0.3569110966904607,0.17814524377770202,0.4058983975451756,0.07449710194340266,0.2001363791339925,0.07364473235594954,0.10023866348448687,0.01858165700647801,0.0941016024548244,0.12154790317081486,0.0242072962836686,0.01176270030685305,0.07637231503579953,0.058983975451755884,0.5044323218547562,0.13500272182906914,0.31083287969515516,0.056614044637996734,0.17011431682090364,0.07076755579749591,0.09580838323353294,0.0326619488296135,0.11186717474142624,0.07457811649428416,0.040010887316276535,0.013881328252585737,0.054980947196516056,0.0919978225367447,0.3973870440936309
