GameID,FG/MP_Home_Starter,FGA/MP_Home_Starter,3P/MP_Home_Starter,3PA/MP_Home_Starter,FT/MP_Home_Starter,FTA/MP_Home_Starter,ORB/MP_Home_Starter,DRB/MP_Home_Starter,AST/MP_Home_Starter,STL/MP_Home_Starter,BLK/MP_Home_Starter,TOV/MP_Home_Starter,PF/MP_Home_Starter,PTS/MP_Home_Starter,FG/MP_Home_Other,FGA/MP_Home_Other,3P/MP_Home_Other,3PA/MP_Home_Other,FT/MP_Home_Other,FTA/MP_Home_Other,ORB/MP_Home_Other,DRB/MP_Home_Other,AST/MP_Home_Other,STL/MP_Home_Other,BLK/MP_Home_Other,TOV/MP_Home_Other,PF/MP_Home_Other,PTS/MP_Home_Other,FG/MP_Away_Starter,FGA/MP_Away_Starter,3P/MP_Away_Starter,3PA/MP_Away_Starter,FT/MP_Away_Starter,FTA/MP_Away_Starter,ORB/MP_Away_Starter,DRB/MP_Away_Starter,AST/MP_Away_Starter,STL/MP_Away_Starter,BLK/MP_Away_Starter,TOV/MP_Away_Starter,PF/MP_Away_Starter,PTS/MP_Away_Starter,FG/MP_Away_Other,FGA/MP_Away_Other,3P/MP_Away_Other,3PA/MP_Away_Other,FT/MP_Away_Other,FTA/MP_Away_Other,ORB/MP_Away_Other,DRB/MP_Away_Other,AST/MP_Away_Other,STL/MP_Away_Other,BLK/MP_Away_Other,TOV/MP_Away_Other,PF/MP_Away_Other,PTS/MP_Away_Other
IND vs PHO 2020,0.17959527824620575,0.3760539629005059,0.044206215369790414,0.11960973259455553,0.09720549265237292,0.11153938809925319,0.036858588291977835,0.12768007708985787,0.14406167188629246,0.03493134184533847,0.016381594796434595,0.07082630691399663,0.08347386172006746,0.5006022645145748,0.16401845207585852,0.3581069536989578,0.0498889458397403,0.14214932513241074,0.07022039979497693,0.08935588587049377,0.04271313856142149,0.1582094652315052,0.07073295745771399,0.032120280198188966,0.016230992653340166,0.047667862634546386,0.09806936613702374,0.4481462497864343,0.186548574591752,0.3995294768890119,0.04677553279822862,0.13063935787434267,0.07417658455577082,0.08981455853861058,0.02933849986161085,0.11859950179905895,0.10669803487406587,0.029615278162192085,0.025601992803764184,0.05272626626072516,0.07625242181013009,0.4940492665375035,0.13569189431258397,0.2884012539184953,0.03493058665472459,0.09785042543663233,0.03179579041648007,0.043663233318405735,0.032467532467532464,0.12091356918943126,0.11733094491715182,0.03761755485893417,0.024854455888938646,0.045454545454545456,0.08441558441558442,0.3381101656963726
