GameID,FG/MP_Home_Starter,FGA/MP_Home_Starter,3P/MP_Home_Starter,3PA/MP_Home_Starter,FT/MP_Home_Starter,FTA/MP_Home_Starter,ORB/MP_Home_Starter,DRB/MP_Home_Starter,AST/MP_Home_Starter,STL/MP_Home_Starter,BLK/MP_Home_Starter,TOV/MP_Home_Starter,PF/MP_Home_Starter,PTS/MP_Home_Starter,FG/MP_Home_Other,FGA/MP_Home_Other,3P/MP_Home_Other,3PA/MP_Home_Other,FT/MP_Home_Other,FTA/MP_Home_Other,ORB/MP_Home_Other,DRB/MP_Home_Other,AST/MP_Home_Other,STL/MP_Home_Other,BLK/MP_Home_Other,TOV/MP_Home_Other,PF/MP_Home_Other,PTS/MP_Home_Other,FG/MP_Away_Starter,FGA/MP_Away_Starter,3P/MP_Away_Starter,3PA/MP_Away_Starter,FT/MP_Away_Starter,FTA/MP_Away_Starter,ORB/MP_Away_Starter,DRB/MP_Away_Starter,AST/MP_Away_Starter,STL/MP_Away_Starter,BLK/MP_Away_Starter,TOV/MP_Away_Starter,PF/MP_Away_Starter,PTS/MP_Away_Starter,FG/MP_Away_Other,FGA/MP_Away_Other,3P/MP_Away_Other,3PA/MP_Away_Other,FT/MP_Away_Other,FTA/MP_Away_Other,ORB/MP_Away_Other,DRB/MP_Away_Other,AST/MP_Away_Other,STL/MP_Away_Other,BLK/MP_Away_Other,TOV/MP_Away_Other,PF/MP_Away_Other,PTS/MP_Away_Other
IND vs HOU 2020,0.16120507399577166,0.3775898520084567,0.08668076109936575,0.24397463002114164,0.0989429175475687,0.11807610993657505,0.02875264270613108,0.136892177589852,0.08435517970401692,0.039746300211416494,0.021881606765327695,0.05824524312896406,0.09376321353065539,0.5080338266384778,0.13757643135075043,0.3176764869371873,0.058643690939410784,0.1725958866036687,0.05669816564758199,0.07865480822679266,0.03168426903835464,0.10922734852695942,0.061423012784880486,0.029738743746525846,0.017231795441912175,0.040022234574763754,0.09588660366870484,0.3904947192884936,0.13826631509558338,0.3150955833882663,0.05471324983520105,0.14634146341463414,0.0502636783124588,0.06460118655240607,0.026367831245880026,0.12541199736321687,0.07465392221489782,0.034278180619644036,0.03411338167435728,0.043506921555702044,0.08239947264337508,0.3815095583388266,0.16446673706441395,0.34213305174234426,0.04039070749736008,0.10876451953537487,0.03405491024287223,0.04593453009503696,0.03352692713833157,0.1206441393875396,0.13357972544878563,0.02481520591341077,0.016367476240760296,0.0530623020063358,0.08421330517423442,0.4033790918690602
