GameID,FG/MP_Home_Starter,FGA/MP_Home_Starter,3P/MP_Home_Starter,3PA/MP_Home_Starter,FT/MP_Home_Starter,FTA/MP_Home_Starter,ORB/MP_Home_Starter,DRB/MP_Home_Starter,AST/MP_Home_Starter,STL/MP_Home_Starter,BLK/MP_Home_Starter,TOV/MP_Home_Starter,PF/MP_Home_Starter,PTS/MP_Home_Starter,FG/MP_Home_Other,FGA/MP_Home_Other,3P/MP_Home_Other,3PA/MP_Home_Other,FT/MP_Home_Other,FTA/MP_Home_Other,ORB/MP_Home_Other,DRB/MP_Home_Other,AST/MP_Home_Other,STL/MP_Home_Other,BLK/MP_Home_Other,TOV/MP_Home_Other,PF/MP_Home_Other,PTS/MP_Home_Other,FG/MP_Away_Starter,FGA/MP_Away_Starter,3P/MP_Away_Starter,3PA/MP_Away_Starter,FT/MP_Away_Starter,FTA/MP_Away_Starter,ORB/MP_Away_Starter,DRB/MP_Away_Starter,AST/MP_Away_Starter,STL/MP_Away_Starter,BLK/MP_Away_Starter,TOV/MP_Away_Starter,PF/MP_Away_Starter,PTS/MP_Away_Starter,FG/MP_Away_Other,FGA/MP_Away_Other,3P/MP_Away_Other,3PA/MP_Away_Other,FT/MP_Away_Other,FTA/MP_Away_Other,ORB/MP_Away_Other,DRB/MP_Away_Other,AST/MP_Away_Other,STL/MP_Away_Other,BLK/MP_Away_Other,TOV/MP_Away_Other,PF/MP_Away_Other,PTS/MP_Away_Other
IND vs WAS 2020,0.15998162890385792,0.3299142682180037,0.02709736680955297,0.07700551132884262,0.05802204531537048,0.07516840171463564,0.04638701775872627,0.1474280465401102,0.1015003061849357,0.03398652786282915,0.014696876913655848,0.043937538273116965,0.08190447030006123,0.4050826699326393,0.12797344643186429,0.28471325834409,0.035220357735570716,0.11137746634704038,0.06490872210953347,0.09017149179420984,0.045546745343905584,0.130555043333948,0.11377466347040384,0.0379863544163747,0.020837174995390007,0.06343352387977134,0.11783145860224968,0.35607597270883273,0.17129968300414533,0.3689344062423799,0.05132894415996098,0.13655206047305535,0.06352109241648378,0.07729821994635455,0.02731041209461107,0.11643501584979274,0.0958302852962692,0.03279687881004633,0.02609119726895879,0.04620824189222141,0.07693245549865886,0.45744940258473543,0.16225839267548323,0.33214649033570703,0.03763987792472025,0.10147507629704985,0.035096642929806715,0.04730417090539166,0.03484231943031536,0.12105798575788403,0.12512716174974567,0.024160732451678536,0.017548321464903358,0.05035605289928789,0.09003051881993897,0.3972533062054934
