GameID,FG/MP_Home_Starter,FGA/MP_Home_Starter,3P/MP_Home_Starter,3PA/MP_Home_Starter,FT/MP_Home_Starter,FTA/MP_Home_Starter,ORB/MP_Home_Starter,DRB/MP_Home_Starter,AST/MP_Home_Starter,STL/MP_Home_Starter,BLK/MP_Home_Starter,TOV/MP_Home_Starter,PF/MP_Home_Starter,PTS/MP_Home_Starter,FG/MP_Home_Other,FGA/MP_Home_Other,3P/MP_Home_Other,3PA/MP_Home_Other,FT/MP_Home_Other,FTA/MP_Home_Other,ORB/MP_Home_Other,DRB/MP_Home_Other,AST/MP_Home_Other,STL/MP_Home_Other,BLK/MP_Home_Other,TOV/MP_Home_Other,PF/MP_Home_Other,PTS/MP_Home_Other,FG/MP_Away_Starter,FGA/MP_Away_Starter,3P/MP_Away_Starter,3PA/MP_Away_Starter,FT/MP_Away_Starter,FTA/MP_Away_Starter,ORB/MP_Away_Starter,DRB/MP_Away_Starter,AST/MP_Away_Starter,STL/MP_Away_Starter,BLK/MP_Away_Starter,TOV/MP_Away_Starter,PF/MP_Away_Starter,PTS/MP_Away_Starter,FG/MP_Away_Other,FGA/MP_Away_Other,3P/MP_Away_Other,3PA/MP_Away_Other,FT/MP_Away_Other,FTA/MP_Away_Other,ORB/MP_Away_Other,DRB/MP_Away_Other,AST/MP_Away_Other,STL/MP_Away_Other,BLK/MP_Away_Other,TOV/MP_Away_Other,PF/MP_Away_Other,PTS/MP_Away_Other
LAC vs SAC 2022,0.1867287291621563,0.38190084433860144,0.0458973803853648,0.12675903875297684,0.097207187702966,0.1251353106733059,0.03799523706429963,0.14710976401818576,0.11431045680883307,0.025871400736090063,0.010716605325828101,0.062459406798008224,0.07350075773977051,0.5165620264126435,0.17153400105429625,0.36678966789667894,0.048392198207696364,0.14306800210859252,0.05967316816025303,0.07770163415919873,0.03742751713231418,0.1451765946230891,0.09172377438060095,0.02688455455983131,0.02055877701634159,0.05355824986821297,0.08581971534001054,0.4511333684765419,0.1973938223938224,0.4402750965250965,0.056105212355212354,0.15649131274131275,0.09025096525096525,0.11088320463320463,0.03788610038610039,0.14454633204633205,0.10424710424710425,0.02750965250965251,0.017374517374517374,0.06648166023166023,0.07927123552123552,0.5411438223938224,0.13445026178010472,0.29193717277486914,0.06261780104712042,0.15643979057591623,0.044397905759162304,0.0562303664921466,0.02900523560209424,0.1417801047120419,0.07036649214659686,0.031727748691099476,0.02,0.03392670157068063,0.07214659685863874,0.37591623036649213
