GameID,FG/MP_Home_Starter,FGA/MP_Home_Starter,3P/MP_Home_Starter,3PA/MP_Home_Starter,FT/MP_Home_Starter,FTA/MP_Home_Starter,ORB/MP_Home_Starter,DRB/MP_Home_Starter,AST/MP_Home_Starter,STL/MP_Home_Starter,BLK/MP_Home_Starter,TOV/MP_Home_Starter,PF/MP_Home_Starter,PTS/MP_Home_Starter,FG/MP_Home_Other,FGA/MP_Home_Other,3P/MP_Home_Other,3PA/MP_Home_Other,FT/MP_Home_Other,FTA/MP_Home_Other,ORB/MP_Home_Other,DRB/MP_Home_Other,AST/MP_Home_Other,STL/MP_Home_Other,BLK/MP_Home_Other,TOV/MP_Home_Other,PF/MP_Home_Other,PTS/MP_Home_Other,FG/MP_Away_Starter,FGA/MP_Away_Starter,3P/MP_Away_Starter,3PA/MP_Away_Starter,FT/MP_Away_Starter,FTA/MP_Away_Starter,ORB/MP_Away_Starter,DRB/MP_Away_Starter,AST/MP_Away_Starter,STL/MP_Away_Starter,BLK/MP_Away_Starter,TOV/MP_Away_Starter,PF/MP_Away_Starter,PTS/MP_Away_Starter,FG/MP_Away_Other,FGA/MP_Away_Other,3P/MP_Away_Other,3PA/MP_Away_Other,FT/MP_Away_Other,FTA/MP_Away_Other,ORB/MP_Away_Other,DRB/MP_Away_Other,AST/MP_Away_Other,STL/MP_Away_Other,BLK/MP_Away_Other,TOV/MP_Away_Other,PF/MP_Away_Other,PTS/MP_Away_Other
LAC vs LAL 2022,0.22109358115409553,0.469958936676032,0.04830343635184785,0.14890858007348173,0.09790360925005404,0.1361573373676248,0.03879403501188675,0.16155176140047547,0.15571644694186298,0.03328290468986384,0.02593473092716663,0.07748000864491031,0.07834449967581586,0.5883942079100929,0.14879529152105941,0.2918889093249954,0.04064741585433143,0.116056648887254,0.05775243700570167,0.07743240757770829,0.038256391392311934,0.125620746735332,0.08607688063270186,0.02942799337870149,0.02004782048924039,0.04837226411624057,0.09343387897737723,0.39599043590215194,0.1973938223938224,0.4402750965250965,0.056105212355212354,0.15649131274131275,0.09025096525096525,0.11088320463320463,0.03788610038610039,0.14454633204633205,0.10424710424710425,0.02750965250965251,0.017374517374517374,0.06648166023166023,0.07927123552123552,0.5411438223938224,0.1612587640632643,0.35170389695092125,0.06342736018261862,0.16280776129137453,0.06522093592043046,0.07916191097342247,0.025273112669166802,0.1346812326756889,0.09905429642915375,0.03415946518832545,0.018506440567422143,0.04483939344529594,0.062285993804011085,0.4511658242295777
