GameID,FG/MP_Home_Starter,FGA/MP_Home_Starter,3P/MP_Home_Starter,3PA/MP_Home_Starter,FT/MP_Home_Starter,FTA/MP_Home_Starter,ORB/MP_Home_Starter,DRB/MP_Home_Starter,AST/MP_Home_Starter,STL/MP_Home_Starter,BLK/MP_Home_Starter,TOV/MP_Home_Starter,PF/MP_Home_Starter,PTS/MP_Home_Starter,FG/MP_Home_Other,FGA/MP_Home_Other,3P/MP_Home_Other,3PA/MP_Home_Other,FT/MP_Home_Other,FTA/MP_Home_Other,ORB/MP_Home_Other,DRB/MP_Home_Other,AST/MP_Home_Other,STL/MP_Home_Other,BLK/MP_Home_Other,TOV/MP_Home_Other,PF/MP_Home_Other,PTS/MP_Home_Other,FG/MP_Away_Starter,FGA/MP_Away_Starter,3P/MP_Away_Starter,3PA/MP_Away_Starter,FT/MP_Away_Starter,FTA/MP_Away_Starter,ORB/MP_Away_Starter,DRB/MP_Away_Starter,AST/MP_Away_Starter,STL/MP_Away_Starter,BLK/MP_Away_Starter,TOV/MP_Away_Starter,PF/MP_Away_Starter,PTS/MP_Away_Starter,FG/MP_Away_Other,FGA/MP_Away_Other,3P/MP_Away_Other,3PA/MP_Away_Other,FT/MP_Away_Other,FTA/MP_Away_Other,ORB/MP_Away_Other,DRB/MP_Away_Other,AST/MP_Away_Other,STL/MP_Away_Other,BLK/MP_Away_Other,TOV/MP_Away_Other,PF/MP_Away_Other,PTS/MP_Away_Other
LAC vs LAL 2020,0.2047129909365559,0.4108761329305136,0.04918429003021148,0.13558912386706948,0.09667673716012085,0.1251963746223565,0.04628398791540785,0.16036253776435044,0.126404833836858,0.03867069486404834,0.03613293051359517,0.06574018126888218,0.07867069486404833,0.5552870090634441,0.15601659751037344,0.21327800829875518,0.0024896265560165973,0.004149377593360996,0.07468879668049792,0.15269709543568466,0.13112033195020747,0.25062240663900415,0.036514522821576766,0.023236514522821577,0.06307053941908713,0.061410788381742736,0.17012448132780084,0.3892116182572614,0.22096273291925467,0.47872670807453416,0.06645962732919254,0.1686335403726708,0.1251552795031056,0.14767080745341615,0.0484472049689441,0.17562111801242236,0.10496894409937889,0.03400621118012422,0.02267080745341615,0.06987577639751552,0.08726708074534162,0.6335403726708074,0.10798479087452471,0.25247148288973387,0.05855513307984791,0.15285171102661596,0.023574144486692015,0.0349809885931559,0.04258555133079848,0.15513307984790875,0.13688212927756654,0.0403041825095057,0.019011406844106463,0.050190114068441066,0.11711026615969582,0.2980988593155893
