GameID,FG/MP_Home_Starter,FGA/MP_Home_Starter,3P/MP_Home_Starter,3PA/MP_Home_Starter,FT/MP_Home_Starter,FTA/MP_Home_Starter,ORB/MP_Home_Starter,DRB/MP_Home_Starter,AST/MP_Home_Starter,STL/MP_Home_Starter,BLK/MP_Home_Starter,TOV/MP_Home_Starter,PF/MP_Home_Starter,PTS/MP_Home_Starter,FG/MP_Home_Other,FGA/MP_Home_Other,3P/MP_Home_Other,3PA/MP_Home_Other,FT/MP_Home_Other,FTA/MP_Home_Other,ORB/MP_Home_Other,DRB/MP_Home_Other,AST/MP_Home_Other,STL/MP_Home_Other,BLK/MP_Home_Other,TOV/MP_Home_Other,PF/MP_Home_Other,PTS/MP_Home_Other,FG/MP_Away_Starter,FGA/MP_Away_Starter,3P/MP_Away_Starter,3PA/MP_Away_Starter,FT/MP_Away_Starter,FTA/MP_Away_Starter,ORB/MP_Away_Starter,DRB/MP_Away_Starter,AST/MP_Away_Starter,STL/MP_Away_Starter,BLK/MP_Away_Starter,TOV/MP_Away_Starter,PF/MP_Away_Starter,PTS/MP_Away_Starter,FG/MP_Away_Other,FGA/MP_Away_Other,3P/MP_Away_Other,3PA/MP_Away_Other,FT/MP_Away_Other,FTA/MP_Away_Other,ORB/MP_Away_Other,DRB/MP_Away_Other,AST/MP_Away_Other,STL/MP_Away_Other,BLK/MP_Away_Other,TOV/MP_Away_Other,PF/MP_Away_Other,PTS/MP_Away_Other
LAC vs POR 2020,0.2223202470224967,0.4946331421849728,0.07616526981326276,0.19600058814880164,0.10292604028819291,0.12115865313924423,0.02499632406998971,0.11807087193059844,0.13233348037053375,0.024702249669166298,0.015144831642405529,0.061755624172915746,0.07101896779885311,0.623731804146449,0.12895736597720558,0.30856901646264245,0.05107640354579992,0.14373153229210636,0.0449556775010553,0.05825242718446602,0.03186998733642887,0.10742929506120726,0.06247361756015196,0.030392570704938792,0.012452511608273533,0.038834951456310676,0.09962009286618827,0.35394681300126635,0.1789132448286508,0.3927138005557271,0.06884841000308738,0.1718122877431306,0.08922506946588453,0.10774930534115468,0.04353195430688484,0.14726767520839765,0.08274158690953998,0.023772769373263353,0.019913553565915405,0.05510960172892868,0.09663476381599259,0.5158999691262736,0.145356176735798,0.3422903516681695,0.0503155996393147,0.1406672678088368,0.07953110910730388,0.09990982867448152,0.041298467087466185,0.15888187556357078,0.10892696122633003,0.02236248872858431,0.014427412082957619,0.05987376014427412,0.09035166816952209,0.4205590622182146
