GameID,FG/MP_Home_Starter,FGA/MP_Home_Starter,3P/MP_Home_Starter,3PA/MP_Home_Starter,FT/MP_Home_Starter,FTA/MP_Home_Starter,ORB/MP_Home_Starter,DRB/MP_Home_Starter,AST/MP_Home_Starter,STL/MP_Home_Starter,BLK/MP_Home_Starter,TOV/MP_Home_Starter,PF/MP_Home_Starter,PTS/MP_Home_Starter,FG/MP_Home_Other,FGA/MP_Home_Other,3P/MP_Home_Other,3PA/MP_Home_Other,FT/MP_Home_Other,FTA/MP_Home_Other,ORB/MP_Home_Other,DRB/MP_Home_Other,AST/MP_Home_Other,STL/MP_Home_Other,BLK/MP_Home_Other,TOV/MP_Home_Other,PF/MP_Home_Other,PTS/MP_Home_Other,FG/MP_Away_Starter,FGA/MP_Away_Starter,3P/MP_Away_Starter,3PA/MP_Away_Starter,FT/MP_Away_Starter,FTA/MP_Away_Starter,ORB/MP_Away_Starter,DRB/MP_Away_Starter,AST/MP_Away_Starter,STL/MP_Away_Starter,BLK/MP_Away_Starter,TOV/MP_Away_Starter,PF/MP_Away_Starter,PTS/MP_Away_Starter,FG/MP_Away_Other,FGA/MP_Away_Other,3P/MP_Away_Other,3PA/MP_Away_Other,FT/MP_Away_Other,FTA/MP_Away_Other,ORB/MP_Away_Other,DRB/MP_Away_Other,AST/MP_Away_Other,STL/MP_Away_Other,BLK/MP_Away_Other,TOV/MP_Away_Other,PF/MP_Away_Other,PTS/MP_Away_Other
LAL vs GSW 2022,0.18719269491922266,0.402364785764458,0.06696324045890892,0.17560290330133457,0.07082650433153828,0.09365488176071178,0.045305549051744325,0.15570124092718332,0.1332240693046125,0.03371575743385624,0.022594240224771717,0.06626082884570358,0.08112854132521657,0.5121751346288925,0.1737649063032368,0.38671209540034074,0.06047700170357751,0.17960574348990022,0.08091993185689948,0.1000243368216111,0.03979070333414456,0.13044536383548308,0.08834266244828426,0.028717449501095157,0.016427354587490874,0.06315405208079825,0.10343149184716476,0.4889267461669506,0.22109358115409553,0.469958936676032,0.04830343635184785,0.14890858007348173,0.09790360925005404,0.1361573373676248,0.03879403501188675,0.16155176140047547,0.15571644694186298,0.03328290468986384,0.02593473092716663,0.07748000864491031,0.07834449967581586,0.5883942079100929,0.1434136488241235,0.2875486942721108,0.040398210936372816,0.11628913576684462,0.05323907084114846,0.07026403116433415,0.0393882556629635,0.1340354927138941,0.08036358389842735,0.02914442360409753,0.019477708844322608,0.0444380320300101,0.08844322608570192,0.3804645794257683
