GameID,FG/MP_Home_Starter,FGA/MP_Home_Starter,3P/MP_Home_Starter,3PA/MP_Home_Starter,FT/MP_Home_Starter,FTA/MP_Home_Starter,ORB/MP_Home_Starter,DRB/MP_Home_Starter,AST/MP_Home_Starter,STL/MP_Home_Starter,BLK/MP_Home_Starter,TOV/MP_Home_Starter,PF/MP_Home_Starter,PTS/MP_Home_Starter,FG/MP_Home_Other,FGA/MP_Home_Other,3P/MP_Home_Other,3PA/MP_Home_Other,FT/MP_Home_Other,FTA/MP_Home_Other,ORB/MP_Home_Other,DRB/MP_Home_Other,AST/MP_Home_Other,STL/MP_Home_Other,BLK/MP_Home_Other,TOV/MP_Home_Other,PF/MP_Home_Other,PTS/MP_Home_Other,FG/MP_Away_Starter,FGA/MP_Away_Starter,3P/MP_Away_Starter,3PA/MP_Away_Starter,FT/MP_Away_Starter,FTA/MP_Away_Starter,ORB/MP_Away_Starter,DRB/MP_Away_Starter,AST/MP_Away_Starter,STL/MP_Away_Starter,BLK/MP_Away_Starter,TOV/MP_Away_Starter,PF/MP_Away_Starter,PTS/MP_Away_Starter,FG/MP_Away_Other,FGA/MP_Away_Other,3P/MP_Away_Other,3PA/MP_Away_Other,FT/MP_Away_Other,FTA/MP_Away_Other,ORB/MP_Away_Other,DRB/MP_Away_Other,AST/MP_Away_Other,STL/MP_Away_Other,BLK/MP_Away_Other,TOV/MP_Away_Other,PF/MP_Away_Other,PTS/MP_Away_Other
MEM vs UTA 2020,0.15831622176591376,0.32823408624229977,0.0473305954825462,0.12587268993839837,0.07381930184804929,0.09876796714579056,0.03521560574948665,0.1635523613963039,0.11098562628336756,0.02751540041067762,0.019096509240246407,0.0593429158110883,0.0822381930184805,0.437782340862423,0.1826764219966958,0.3842341279206986,0.057351899929195184,0.15765872079301393,0.057351899929195184,0.07363700731649753,0.050979466603729054,0.13075289119660136,0.07127684682558413,0.02525371725277319,0.016049091338211,0.05404767524191645,0.09794666037290536,0.48005664385178193,0.20421557490849426,0.41032437208128236,0.03281585258109302,0.09478732803231099,0.07901047582986243,0.10299129117758425,0.055913164205477726,0.1652151962640414,0.1146030543985864,0.027136185788211534,0.024359459800580588,0.06702006815600152,0.08999116496276663,0.520257478227944,0.13716424482606782,0.31792162043152794,0.04975781594011449,0.14663143989431968,0.05790400704535447,0.07595772787318363,0.04645530603258476,0.16204315279612505,0.09291061206516953,0.04007045354469397,0.02399823866138265,0.05812417437252312,0.09114927344782034,0.3819903126376046
