GameID,FG/MP_Home_Starter,FGA/MP_Home_Starter,3P/MP_Home_Starter,3PA/MP_Home_Starter,FT/MP_Home_Starter,FTA/MP_Home_Starter,ORB/MP_Home_Starter,DRB/MP_Home_Starter,AST/MP_Home_Starter,STL/MP_Home_Starter,BLK/MP_Home_Starter,TOV/MP_Home_Starter,PF/MP_Home_Starter,PTS/MP_Home_Starter,FG/MP_Home_Other,FGA/MP_Home_Other,3P/MP_Home_Other,3PA/MP_Home_Other,FT/MP_Home_Other,FTA/MP_Home_Other,ORB/MP_Home_Other,DRB/MP_Home_Other,AST/MP_Home_Other,STL/MP_Home_Other,BLK/MP_Home_Other,TOV/MP_Home_Other,PF/MP_Home_Other,PTS/MP_Home_Other,FG/MP_Away_Starter,FGA/MP_Away_Starter,3P/MP_Away_Starter,3PA/MP_Away_Starter,FT/MP_Away_Starter,FTA/MP_Away_Starter,ORB/MP_Away_Starter,DRB/MP_Away_Starter,AST/MP_Away_Starter,STL/MP_Away_Starter,BLK/MP_Away_Starter,TOV/MP_Away_Starter,PF/MP_Away_Starter,PTS/MP_Away_Starter,FG/MP_Away_Other,FGA/MP_Away_Other,3P/MP_Away_Other,3PA/MP_Away_Other,FT/MP_Away_Other,FTA/MP_Away_Other,ORB/MP_Away_Other,DRB/MP_Away_Other,AST/MP_Away_Other,STL/MP_Away_Other,BLK/MP_Away_Other,TOV/MP_Away_Other,PF/MP_Away_Other,PTS/MP_Away_Other
MEM vs DAL 2022,0.17621762176217623,0.3789378937893789,0.0628062806280628,0.17351735173517352,0.07570757075707571,0.10181018101810181,0.041904190419041906,0.1565156515651565,0.1189118911891189,0.027002700270027002,0.018301830183018303,0.061406140614061404,0.07700770077007701,0.49094909490949096,0.14623799955347175,0.3074346952444742,0.04744362580933244,0.137642330877428,0.06675597231524893,0.09432909131502568,0.04945300290243358,0.1620897521768252,0.08126814020986828,0.03036392051797276,0.023107836570663093,0.04320160750167448,0.09522214780084841,0.4066755972315249,0.19036638483218038,0.3914937227773508,0.04791186266974123,0.12221368178324366,0.07827312323853446,0.1088905969766846,0.07583909812964386,0.15923648475531643,0.12528823981552653,0.035101204201895976,0.018319241609018704,0.059825775044837305,0.07186779400461184,0.5069177555726364,0.18163615560640733,0.34754004576659037,0.02717391304347826,0.07894736842105263,0.052917620137299774,0.07637299771167048,0.062356979405034325,0.1318649885583524,0.13501144164759726,0.044050343249427915,0.02431350114416476,0.03260869565217391,0.062070938215102976,0.44336384439359267
