GameID,FG/MP_Home_Starter,FGA/MP_Home_Starter,3P/MP_Home_Starter,3PA/MP_Home_Starter,FT/MP_Home_Starter,FTA/MP_Home_Starter,ORB/MP_Home_Starter,DRB/MP_Home_Starter,AST/MP_Home_Starter,STL/MP_Home_Starter,BLK/MP_Home_Starter,TOV/MP_Home_Starter,PF/MP_Home_Starter,PTS/MP_Home_Starter,FG/MP_Home_Other,FGA/MP_Home_Other,3P/MP_Home_Other,3PA/MP_Home_Other,FT/MP_Home_Other,FTA/MP_Home_Other,ORB/MP_Home_Other,DRB/MP_Home_Other,AST/MP_Home_Other,STL/MP_Home_Other,BLK/MP_Home_Other,TOV/MP_Home_Other,PF/MP_Home_Other,PTS/MP_Home_Other,FG/MP_Away_Starter,FGA/MP_Away_Starter,3P/MP_Away_Starter,3PA/MP_Away_Starter,FT/MP_Away_Starter,FTA/MP_Away_Starter,ORB/MP_Away_Starter,DRB/MP_Away_Starter,AST/MP_Away_Starter,STL/MP_Away_Starter,BLK/MP_Away_Starter,TOV/MP_Away_Starter,PF/MP_Away_Starter,PTS/MP_Away_Starter,FG/MP_Away_Other,FGA/MP_Away_Other,3P/MP_Away_Other,3PA/MP_Away_Other,FT/MP_Away_Other,FTA/MP_Away_Other,ORB/MP_Away_Other,DRB/MP_Away_Other,AST/MP_Away_Other,STL/MP_Away_Other,BLK/MP_Away_Other,TOV/MP_Away_Other,PF/MP_Away_Other,PTS/MP_Away_Other
MEM vs HOU 2022,0.17814524377770202,0.4058983975451756,0.07449710194340266,0.2001363791339925,0.07364473235594954,0.10023866348448687,0.01858165700647801,0.0941016024548244,0.12154790317081486,0.0242072962836686,0.01176270030685305,0.07637231503579953,0.058983975451755884,0.5044323218547562,0.13500272182906914,0.31083287969515516,0.056614044637996734,0.17011431682090364,0.07076755579749591,0.09580838323353294,0.0326619488296135,0.11186717474142624,0.07457811649428416,0.040010887316276535,0.013881328252585737,0.054980947196516056,0.0919978225367447,0.3973870440936309,0.19036638483218038,0.3914937227773508,0.04791186266974123,0.12221368178324366,0.07827312323853446,0.1088905969766846,0.07583909812964386,0.15923648475531643,0.12528823981552653,0.035101204201895976,0.018319241609018704,0.059825775044837305,0.07186779400461184,0.5069177555726364,0.18163615560640733,0.34754004576659037,0.02717391304347826,0.07894736842105263,0.052917620137299774,0.07637299771167048,0.062356979405034325,0.1318649885583524,0.13501144164759726,0.044050343249427915,0.02431350114416476,0.03260869565217391,0.062070938215102976,0.44336384439359267
