GameID,FG/MP_Home_Starter,FGA/MP_Home_Starter,3P/MP_Home_Starter,3PA/MP_Home_Starter,FT/MP_Home_Starter,FTA/MP_Home_Starter,ORB/MP_Home_Starter,DRB/MP_Home_Starter,AST/MP_Home_Starter,STL/MP_Home_Starter,BLK/MP_Home_Starter,TOV/MP_Home_Starter,PF/MP_Home_Starter,PTS/MP_Home_Starter,FG/MP_Home_Other,FGA/MP_Home_Other,3P/MP_Home_Other,3PA/MP_Home_Other,FT/MP_Home_Other,FTA/MP_Home_Other,ORB/MP_Home_Other,DRB/MP_Home_Other,AST/MP_Home_Other,STL/MP_Home_Other,BLK/MP_Home_Other,TOV/MP_Home_Other,PF/MP_Home_Other,PTS/MP_Home_Other,FG/MP_Away_Starter,FGA/MP_Away_Starter,3P/MP_Away_Starter,3PA/MP_Away_Starter,FT/MP_Away_Starter,FTA/MP_Away_Starter,ORB/MP_Away_Starter,DRB/MP_Away_Starter,AST/MP_Away_Starter,STL/MP_Away_Starter,BLK/MP_Away_Starter,TOV/MP_Away_Starter,PF/MP_Away_Starter,PTS/MP_Away_Starter,FG/MP_Away_Other,FGA/MP_Away_Other,3P/MP_Away_Other,3PA/MP_Away_Other,FT/MP_Away_Other,FTA/MP_Away_Other,ORB/MP_Away_Other,DRB/MP_Away_Other,AST/MP_Away_Other,STL/MP_Away_Other,BLK/MP_Away_Other,TOV/MP_Away_Other,PF/MP_Away_Other,PTS/MP_Away_Other
MEM vs NOP 2020,0.20534532945223605,0.43159566022757345,0.053717914792273086,0.14395342683249537,0.07779835935432654,0.1061127282349828,0.052394813442709715,0.15850754167769252,0.1521566551997883,0.03664990738290553,0.02196348240275205,0.08375231542736174,0.07356443503572374,0.5422069330510717,0.14634146341463414,0.33542871511189337,0.06399295951722404,0.17337188835805883,0.06135277847623837,0.08436007040482776,0.03759114910736736,0.13603218506411868,0.07342217752074429,0.027407593663565502,0.018229821473472466,0.04601458385717878,0.09655519235604727,0.4180286648227307,0.2040642492090533,0.4261377464103188,0.04611827695302993,0.12557799951326357,0.0817717206132879,0.10769043562910684,0.04989048430275006,0.15368702847408128,0.10866390849355075,0.02737892431248479,0.028230713068873207,0.06960330980773911,0.10148454611827695,0.5360184959844244,0.1569052783803326,0.3297180043383948,0.042841648590021694,0.12689804772234273,0.06146059291395517,0.07935647143890094,0.05133767172812726,0.17046276211135214,0.0878524945770065,0.0368763557483731,0.027295733911785972,0.05549530007230658,0.08749096167751265,0.4181127982646421
