GameID,FG/MP_Home_Starter,FGA/MP_Home_Starter,3P/MP_Home_Starter,3PA/MP_Home_Starter,FT/MP_Home_Starter,FTA/MP_Home_Starter,ORB/MP_Home_Starter,DRB/MP_Home_Starter,AST/MP_Home_Starter,STL/MP_Home_Starter,BLK/MP_Home_Starter,TOV/MP_Home_Starter,PF/MP_Home_Starter,PTS/MP_Home_Starter,FG/MP_Home_Other,FGA/MP_Home_Other,3P/MP_Home_Other,3PA/MP_Home_Other,FT/MP_Home_Other,FTA/MP_Home_Other,ORB/MP_Home_Other,DRB/MP_Home_Other,AST/MP_Home_Other,STL/MP_Home_Other,BLK/MP_Home_Other,TOV/MP_Home_Other,PF/MP_Home_Other,PTS/MP_Home_Other,FG/MP_Away_Starter,FGA/MP_Away_Starter,3P/MP_Away_Starter,3PA/MP_Away_Starter,FT/MP_Away_Starter,FTA/MP_Away_Starter,ORB/MP_Away_Starter,DRB/MP_Away_Starter,AST/MP_Away_Starter,STL/MP_Away_Starter,BLK/MP_Away_Starter,TOV/MP_Away_Starter,PF/MP_Away_Starter,PTS/MP_Away_Starter,FG/MP_Away_Other,FGA/MP_Away_Other,3P/MP_Away_Other,3PA/MP_Away_Other,FT/MP_Away_Other,FTA/MP_Away_Other,ORB/MP_Away_Other,DRB/MP_Away_Other,AST/MP_Away_Other,STL/MP_Away_Other,BLK/MP_Away_Other,TOV/MP_Away_Other,PF/MP_Away_Other,PTS/MP_Away_Other
MEM vs POR 2020,0.22329855936413315,0.4841033283656234,0.059364133134624936,0.15660705414803774,0.1133879781420765,0.13748137108792846,0.04706905116741182,0.14878291107799305,0.1290362642821659,0.026825633383010434,0.02334823646299056,0.06768504719324392,0.08196721311475409,0.6193492300049677,0.15922297858210194,0.3269134982566827,0.03270795284741823,0.09513531462726216,0.058276606342354306,0.07986053461730035,0.0627594222148431,0.1783164535945542,0.048978914162377554,0.024074381537439814,0.039681221982400795,0.04466212850738834,0.09795782832475511,0.4094305163539764,0.20445344129554655,0.4254807692307692,0.045926113360323886,0.12373481781376518,0.0805921052631579,0.10665485829959515,0.05086032388663968,0.15511133603238866,0.10804655870445344,0.02758097165991903,0.028719635627530365,0.0702176113360324,0.10108805668016195,0.5354251012145749,0.1612173555418466,0.3341558708616081,0.042771951470285834,0.12420316676948386,0.061484680238535885,0.07978614024264857,0.05469874563026938,0.17643429981492906,0.08801151552539585,0.038042360682706146,0.028788813489615463,0.054081842484063336,0.08883405305367058,0.4266913427925149
