GameID,FG/MP_Home_Starter,FGA/MP_Home_Starter,3P/MP_Home_Starter,3PA/MP_Home_Starter,FT/MP_Home_Starter,FTA/MP_Home_Starter,ORB/MP_Home_Starter,DRB/MP_Home_Starter,AST/MP_Home_Starter,STL/MP_Home_Starter,BLK/MP_Home_Starter,TOV/MP_Home_Starter,PF/MP_Home_Starter,PTS/MP_Home_Starter,FG/MP_Home_Other,FGA/MP_Home_Other,3P/MP_Home_Other,3PA/MP_Home_Other,FT/MP_Home_Other,FTA/MP_Home_Other,ORB/MP_Home_Other,DRB/MP_Home_Other,AST/MP_Home_Other,STL/MP_Home_Other,BLK/MP_Home_Other,TOV/MP_Home_Other,PF/MP_Home_Other,PTS/MP_Home_Other,FG/MP_Away_Starter,FGA/MP_Away_Starter,3P/MP_Away_Starter,3PA/MP_Away_Starter,FT/MP_Away_Starter,FTA/MP_Away_Starter,ORB/MP_Away_Starter,DRB/MP_Away_Starter,AST/MP_Away_Starter,STL/MP_Away_Starter,BLK/MP_Away_Starter,TOV/MP_Away_Starter,PF/MP_Away_Starter,PTS/MP_Away_Starter,FG/MP_Away_Other,FGA/MP_Away_Other,3P/MP_Away_Other,3PA/MP_Away_Other,FT/MP_Away_Other,FTA/MP_Away_Other,ORB/MP_Away_Other,DRB/MP_Away_Other,AST/MP_Away_Other,STL/MP_Away_Other,BLK/MP_Away_Other,TOV/MP_Away_Other,PF/MP_Away_Other,PTS/MP_Away_Other
MEM vs POR 2020,0.22329855936413315,0.4841033283656234,0.059364133134624936,0.15660705414803774,0.1133879781420765,0.13748137108792846,0.04706905116741182,0.14878291107799305,0.1290362642821659,0.026825633383010434,0.02334823646299056,0.06768504719324392,0.08196721311475409,0.6193492300049677,0.09523809523809523,0.21904761904761905,0.02857142857142857,0.09523809523809523,0.06666666666666667,0.09523809523809523,0.08571428571428572,0.13333333333333333,0.0380952380952381,0.047619047619047616,0.02857142857142857,0.0761904761904762,0.16666666666666666,0.2857142857142857,0.20445344129554655,0.4254807692307692,0.045926113360323886,0.12373481781376518,0.0805921052631579,0.10665485829959515,0.05086032388663968,0.15511133603238866,0.10804655870445344,0.02758097165991903,0.028719635627530365,0.0702176113360324,0.10108805668016195,0.5354251012145749,0.07377049180327869,0.21174863387978143,0.05327868852459016,0.16530054644808742,0.02459016393442623,0.03415300546448088,0.040983606557377046,0.1407103825136612,0.045081967213114756,0.020491803278688523,0.015027322404371584,0.040983606557377046,0.08743169398907104,0.22540983606557377
