GameID,FG/MP_Home_Starter,FGA/MP_Home_Starter,3P/MP_Home_Starter,3PA/MP_Home_Starter,FT/MP_Home_Starter,FTA/MP_Home_Starter,ORB/MP_Home_Starter,DRB/MP_Home_Starter,AST/MP_Home_Starter,STL/MP_Home_Starter,BLK/MP_Home_Starter,TOV/MP_Home_Starter,PF/MP_Home_Starter,PTS/MP_Home_Starter,FG/MP_Home_Other,FGA/MP_Home_Other,3P/MP_Home_Other,3PA/MP_Home_Other,FT/MP_Home_Other,FTA/MP_Home_Other,ORB/MP_Home_Other,DRB/MP_Home_Other,AST/MP_Home_Other,STL/MP_Home_Other,BLK/MP_Home_Other,TOV/MP_Home_Other,PF/MP_Home_Other,PTS/MP_Home_Other,FG/MP_Away_Starter,FGA/MP_Away_Starter,3P/MP_Away_Starter,3PA/MP_Away_Starter,FT/MP_Away_Starter,FTA/MP_Away_Starter,ORB/MP_Away_Starter,DRB/MP_Away_Starter,AST/MP_Away_Starter,STL/MP_Away_Starter,BLK/MP_Away_Starter,TOV/MP_Away_Starter,PF/MP_Away_Starter,PTS/MP_Away_Starter,FG/MP_Away_Other,FGA/MP_Away_Other,3P/MP_Away_Other,3PA/MP_Away_Other,FT/MP_Away_Other,FTA/MP_Away_Other,ORB/MP_Away_Other,DRB/MP_Away_Other,AST/MP_Away_Other,STL/MP_Away_Other,BLK/MP_Away_Other,TOV/MP_Away_Other,PF/MP_Away_Other,PTS/MP_Away_Other
MIA vs MIL 2020,0.21943947525342875,0.4492546213476446,0.05831842576028622,0.16791890280262373,0.10494931425163984,0.14239713774597496,0.034704830053667264,0.19129397734048897,0.1289206917113894,0.02945736434108527,0.03076923076923077,0.07036374478234943,0.08145497912939774,0.6021466905187836,0.13706446521791915,0.2958601432560398,0.056573995386669906,0.1523612965885638,0.04382663591113269,0.05584557484521063,0.04212698798106106,0.1539395410950589,0.08061187325482579,0.03241471409493748,0.019424547772247176,0.047104528347699404,0.07781959451256526,0.3745295617336409,0.16146172196920408,0.34146605942311864,0.06473649967469096,0.16612448492734766,0.06083279115159401,0.0797007156798959,0.03188028627195836,0.15766644979397093,0.09954456733897202,0.0302537410540013,0.017241379310344827,0.053350683148991544,0.08620689655172414,0.44849273476469315,0.1315145813734713,0.2869238005644403,0.04910630291627469,0.1354656632173095,0.04571966133584196,0.06152398871119473,0.03706491063029163,0.15446848541862654,0.06942615239887112,0.02878645343367827,0.019943555973659453,0.045155221072436504,0.0916274694261524,0.35785512699905925
