GameID,FG/MP_Home_Starter,FGA/MP_Home_Starter,3P/MP_Home_Starter,3PA/MP_Home_Starter,FT/MP_Home_Starter,FTA/MP_Home_Starter,ORB/MP_Home_Starter,DRB/MP_Home_Starter,AST/MP_Home_Starter,STL/MP_Home_Starter,BLK/MP_Home_Starter,TOV/MP_Home_Starter,PF/MP_Home_Starter,PTS/MP_Home_Starter,FG/MP_Home_Other,FGA/MP_Home_Other,3P/MP_Home_Other,3PA/MP_Home_Other,FT/MP_Home_Other,FTA/MP_Home_Other,ORB/MP_Home_Other,DRB/MP_Home_Other,AST/MP_Home_Other,STL/MP_Home_Other,BLK/MP_Home_Other,TOV/MP_Home_Other,PF/MP_Home_Other,PTS/MP_Home_Other,FG/MP_Away_Starter,FGA/MP_Away_Starter,3P/MP_Away_Starter,3PA/MP_Away_Starter,FT/MP_Away_Starter,FTA/MP_Away_Starter,ORB/MP_Away_Starter,DRB/MP_Away_Starter,AST/MP_Away_Starter,STL/MP_Away_Starter,BLK/MP_Away_Starter,TOV/MP_Away_Starter,PF/MP_Away_Starter,PTS/MP_Away_Starter,FG/MP_Away_Other,FGA/MP_Away_Other,3P/MP_Away_Other,3PA/MP_Away_Other,FT/MP_Away_Other,FTA/MP_Away_Other,ORB/MP_Away_Other,DRB/MP_Away_Other,AST/MP_Away_Other,STL/MP_Away_Other,BLK/MP_Away_Other,TOV/MP_Away_Other,PF/MP_Away_Other,PTS/MP_Away_Other
MIA vs DEN 2020,0.18947196338074218,0.3813961092038581,0.04119666503187837,0.11280039234919079,0.06980546019290503,0.08664377963053785,0.05934281510544385,0.16789275788785352,0.13323524603563838,0.03367663887526565,0.022560078469838155,0.059669772764427004,0.09449076344613373,0.4899460519862678,0.15200186219739292,0.3149441340782123,0.039338919925512104,0.11033519553072625,0.06797020484171322,0.10148975791433892,0.050512104283054006,0.1403631284916201,0.07076350093109869,0.027001862197392923,0.027932960893854747,0.04236499068901303,0.09287709497206705,0.41131284916201116,0.1670843776106934,0.3568295739348371,0.0539891395154553,0.1451545530492899,0.09022556390977443,0.11466165413533834,0.03540100250626566,0.14995822890559732,0.11654135338345864,0.03373015873015873,0.016812865497076022,0.05492898913951545,0.07153299916457811,0.4783834586466165,0.1330522765598651,0.2912310286677909,0.055986509274873524,0.1475548060708263,0.04654300168634064,0.0596964586846543,0.02951096121416526,0.16290050590219224,0.07183811129848229,0.03018549747048904,0.017537942664418212,0.04451939291736931,0.09021922428330523,0.36863406408094435
