GameID,FG/MP_Home_Starter,FGA/MP_Home_Starter,3P/MP_Home_Starter,3PA/MP_Home_Starter,FT/MP_Home_Starter,FTA/MP_Home_Starter,ORB/MP_Home_Starter,DRB/MP_Home_Starter,AST/MP_Home_Starter,STL/MP_Home_Starter,BLK/MP_Home_Starter,TOV/MP_Home_Starter,PF/MP_Home_Starter,PTS/MP_Home_Starter,FG/MP_Home_Other,FGA/MP_Home_Other,3P/MP_Home_Other,3PA/MP_Home_Other,FT/MP_Home_Other,FTA/MP_Home_Other,ORB/MP_Home_Other,DRB/MP_Home_Other,AST/MP_Home_Other,STL/MP_Home_Other,BLK/MP_Home_Other,TOV/MP_Home_Other,PF/MP_Home_Other,PTS/MP_Home_Other,FG/MP_Away_Starter,FGA/MP_Away_Starter,3P/MP_Away_Starter,3PA/MP_Away_Starter,FT/MP_Away_Starter,FTA/MP_Away_Starter,ORB/MP_Away_Starter,DRB/MP_Away_Starter,AST/MP_Away_Starter,STL/MP_Away_Starter,BLK/MP_Away_Starter,TOV/MP_Away_Starter,PF/MP_Away_Starter,PTS/MP_Away_Starter,FG/MP_Away_Other,FGA/MP_Away_Other,3P/MP_Away_Other,3PA/MP_Away_Other,FT/MP_Away_Other,FTA/MP_Away_Other,ORB/MP_Away_Other,DRB/MP_Away_Other,AST/MP_Away_Other,STL/MP_Away_Other,BLK/MP_Away_Other,TOV/MP_Away_Other,PF/MP_Away_Other,PTS/MP_Away_Other
MIA vs IND 2020,0.14933880528955767,0.33584131326949385,0.04993160054719562,0.140218878248974,0.05791153670770634,0.07113543091655267,0.026219790241678066,0.1210670314637483,0.12289101687186503,0.03488372093023256,0.017783857729138167,0.04719562243502052,0.07774737802097584,0.4065207478340173,0.1604641856742697,0.3465386154461785,0.04581832733093237,0.117046818727491,0.037615046018407365,0.0468187274909964,0.02661064425770308,0.11084433773509404,0.13845538215286116,0.027210884353741496,0.014405762304921969,0.053621448579431776,0.07923169267707082,0.40436174469787917,0.16963123644251626,0.3771511207519884,0.08850325379609544,0.2187997107736804,0.04642082429501085,0.05336225596529284,0.013304410701373824,0.12509038322487345,0.07997107736804049,0.024150397686189443,0.009255242227042661,0.04844540853217643,0.0866232827187274,0.4741865509761388,0.13262366938008766,0.29079524107701943,0.04107701941139637,0.12335629304946776,0.08991859737006888,0.11333750782717596,0.043832185347526614,0.15716969317470256,0.10018785222291797,0.038822792736380715,0.020037570444583593,0.04596117720726362,0.08252974326862868,0.3962429555416406
