GameID,FG/MP_Home_Starter,FGA/MP_Home_Starter,3P/MP_Home_Starter,3PA/MP_Home_Starter,FT/MP_Home_Starter,FTA/MP_Home_Starter,ORB/MP_Home_Starter,DRB/MP_Home_Starter,AST/MP_Home_Starter,STL/MP_Home_Starter,BLK/MP_Home_Starter,TOV/MP_Home_Starter,PF/MP_Home_Starter,PTS/MP_Home_Starter,FG/MP_Home_Other,FGA/MP_Home_Other,3P/MP_Home_Other,3PA/MP_Home_Other,FT/MP_Home_Other,FTA/MP_Home_Other,ORB/MP_Home_Other,DRB/MP_Home_Other,AST/MP_Home_Other,STL/MP_Home_Other,BLK/MP_Home_Other,TOV/MP_Home_Other,PF/MP_Home_Other,PTS/MP_Home_Other,FG/MP_Away_Starter,FGA/MP_Away_Starter,3P/MP_Away_Starter,3PA/MP_Away_Starter,FT/MP_Away_Starter,FTA/MP_Away_Starter,ORB/MP_Away_Starter,DRB/MP_Away_Starter,AST/MP_Away_Starter,STL/MP_Away_Starter,BLK/MP_Away_Starter,TOV/MP_Away_Starter,PF/MP_Away_Starter,PTS/MP_Away_Starter,FG/MP_Away_Other,FGA/MP_Away_Other,3P/MP_Away_Other,3PA/MP_Away_Other,FT/MP_Away_Other,FTA/MP_Away_Other,ORB/MP_Away_Other,DRB/MP_Away_Other,AST/MP_Away_Other,STL/MP_Away_Other,BLK/MP_Away_Other,TOV/MP_Away_Other,PF/MP_Away_Other,PTS/MP_Away_Other
MIL vs MEM 2020,0.1857761286332715,0.3950525664811379,0.03722943722943723,0.10983302411873841,0.07606679035250463,0.09956709956709957,0.05145330859616574,0.15732838589981446,0.11638837353123067,0.027334570191713047,0.020655534941249228,0.06889301175015461,0.09226963512677798,0.48484848484848486,0.16850777008050927,0.3473132372214941,0.042688635087062346,0.12357236472570679,0.06571803033139861,0.08519003931847968,0.052986332147537916,0.1709417712038944,0.09061973413218498,0.03950571054109717,0.027897397491106535,0.0563564875491481,0.08799850215315484,0.4454222055794795,0.18606016140865736,0.39706529713866473,0.05752017608217168,0.1636096845194424,0.07865003668378577,0.0937637564196625,0.031107850330154074,0.16390315480557593,0.11929567131327953,0.02641232575201761,0.0338958180484226,0.061628760088041086,0.07762289068231841,0.5082905355832722,0.1942143148173299,0.39549096835528996,0.05473312508488388,0.16053239168817057,0.08379736520440038,0.12617139752818146,0.0476707863642537,0.20277060980578568,0.10321879668613337,0.03463262257232107,0.02458237131603966,0.07062338720630178,0.08868667662637512,0.5269591199239441
