GameID,FG/MP_Home_Starter,FGA/MP_Home_Starter,3P/MP_Home_Starter,3PA/MP_Home_Starter,FT/MP_Home_Starter,FTA/MP_Home_Starter,ORB/MP_Home_Starter,DRB/MP_Home_Starter,AST/MP_Home_Starter,STL/MP_Home_Starter,BLK/MP_Home_Starter,TOV/MP_Home_Starter,PF/MP_Home_Starter,PTS/MP_Home_Starter,FG/MP_Home_Other,FGA/MP_Home_Other,3P/MP_Home_Other,3PA/MP_Home_Other,FT/MP_Home_Other,FTA/MP_Home_Other,ORB/MP_Home_Other,DRB/MP_Home_Other,AST/MP_Home_Other,STL/MP_Home_Other,BLK/MP_Home_Other,TOV/MP_Home_Other,PF/MP_Home_Other,PTS/MP_Home_Other,FG/MP_Away_Starter,FGA/MP_Away_Starter,3P/MP_Away_Starter,3PA/MP_Away_Starter,FT/MP_Away_Starter,FTA/MP_Away_Starter,ORB/MP_Away_Starter,DRB/MP_Away_Starter,AST/MP_Away_Starter,STL/MP_Away_Starter,BLK/MP_Away_Starter,TOV/MP_Away_Starter,PF/MP_Away_Starter,PTS/MP_Away_Starter,FG/MP_Away_Other,FGA/MP_Away_Other,3P/MP_Away_Other,3PA/MP_Away_Other,FT/MP_Away_Other,FTA/MP_Away_Other,ORB/MP_Away_Other,DRB/MP_Away_Other,AST/MP_Away_Other,STL/MP_Away_Other,BLK/MP_Away_Other,TOV/MP_Away_Other,PF/MP_Away_Other,PTS/MP_Away_Other
MIL vs HOU 2020,0.18288243974422036,0.4101328086571569,0.06797835710772258,0.19655681259222824,0.10880472208558781,0.13152975897688146,0.03708804722085588,0.15356615838662077,0.10782095425479586,0.0425971470732907,0.021839645843580915,0.07151992129857354,0.09217904574520414,0.5425479586817511,0.13787709497206704,0.3153072625698324,0.07486033519553073,0.20268156424581005,0.04670391061452514,0.06614525139664805,0.024581005586592177,0.09675977653631285,0.05229050279329609,0.027262569832402234,0.012513966480446927,0.036201117318435755,0.09363128491620112,0.39731843575418996,0.2091640866873065,0.43058823529411766,0.06018575851393189,0.17325077399380806,0.09448916408668731,0.1301547987616099,0.03678018575851393,0.19541795665634676,0.11071207430340557,0.033808049535603714,0.030712074303405574,0.06253869969040247,0.08012383900928792,0.5730030959752322,0.14850200518990328,0.3190610993158764,0.05402217504128332,0.1474404340646379,0.05461193677754187,0.06935598018400566,0.0399858457183298,0.15050719509318236,0.09872611464968153,0.028308563340410473,0.01958008964378391,0.05461193677754187,0.07985373908940788,0.40563812219863177
