GameID,FG/MP_Home_Starter,FGA/MP_Home_Starter,3P/MP_Home_Starter,3PA/MP_Home_Starter,FT/MP_Home_Starter,FTA/MP_Home_Starter,ORB/MP_Home_Starter,DRB/MP_Home_Starter,AST/MP_Home_Starter,STL/MP_Home_Starter,BLK/MP_Home_Starter,TOV/MP_Home_Starter,PF/MP_Home_Starter,PTS/MP_Home_Starter,FG/MP_Home_Other,FGA/MP_Home_Other,3P/MP_Home_Other,3PA/MP_Home_Other,FT/MP_Home_Other,FTA/MP_Home_Other,ORB/MP_Home_Other,DRB/MP_Home_Other,AST/MP_Home_Other,STL/MP_Home_Other,BLK/MP_Home_Other,TOV/MP_Home_Other,PF/MP_Home_Other,PTS/MP_Home_Other,FG/MP_Away_Starter,FGA/MP_Away_Starter,3P/MP_Away_Starter,3PA/MP_Away_Starter,FT/MP_Away_Starter,FTA/MP_Away_Starter,ORB/MP_Away_Starter,DRB/MP_Away_Starter,AST/MP_Away_Starter,STL/MP_Away_Starter,BLK/MP_Away_Starter,TOV/MP_Away_Starter,PF/MP_Away_Starter,PTS/MP_Away_Starter,FG/MP_Away_Other,FGA/MP_Away_Other,3P/MP_Away_Other,3PA/MP_Away_Other,FT/MP_Away_Other,FTA/MP_Away_Other,ORB/MP_Away_Other,DRB/MP_Away_Other,AST/MP_Away_Other,STL/MP_Away_Other,BLK/MP_Away_Other,TOV/MP_Away_Other,PF/MP_Away_Other,PTS/MP_Away_Other
MIL vs PHI 2022,0.18973927670311186,0.40126156433978133,0.04659377628259041,0.12413793103448276,0.13052985702270817,0.15542472666105972,0.03397813288477712,0.16947014297729185,0.14070647603027756,0.026829268292682926,0.01892346509671993,0.06459209419680403,0.06854499579478554,0.5566021867115223,0.14737452857557296,0.3171840247558263,0.04931824775166812,0.1396383328498211,0.05483028720626632,0.072236727589208,0.03810076394932792,0.11981433130258196,0.08142346001353834,0.03800406150275602,0.021564645585533313,0.04032492022048158,0.08490474809012669,0.3988975921090804,0.21310149615851193,0.4248551017657366,0.060250707642539425,0.15837713977625018,0.10634856449656288,0.14301118749157568,0.03612346677449791,0.16120770993395336,0.14112414071977356,0.034775576223210675,0.02250977220649683,0.06618142606820326,0.07305566787976817,0.5928022644561262,0.1498961937716263,0.32761245674740486,0.05079584775086505,0.14131487889273356,0.0386159169550173,0.04955017301038062,0.0584083044982699,0.1572318339100346,0.05453287197231834,0.02477508650519031,0.018823529411764704,0.04013840830449827,0.08401384083044983,0.38920415224913496
