GameID,FG/MP_Home_Starter,FGA/MP_Home_Starter,3P/MP_Home_Starter,3PA/MP_Home_Starter,FT/MP_Home_Starter,FTA/MP_Home_Starter,ORB/MP_Home_Starter,DRB/MP_Home_Starter,AST/MP_Home_Starter,STL/MP_Home_Starter,BLK/MP_Home_Starter,TOV/MP_Home_Starter,PF/MP_Home_Starter,PTS/MP_Home_Starter,FG/MP_Home_Other,FGA/MP_Home_Other,3P/MP_Home_Other,3PA/MP_Home_Other,FT/MP_Home_Other,FTA/MP_Home_Other,ORB/MP_Home_Other,DRB/MP_Home_Other,AST/MP_Home_Other,STL/MP_Home_Other,BLK/MP_Home_Other,TOV/MP_Home_Other,PF/MP_Home_Other,PTS/MP_Home_Other,FG/MP_Away_Starter,FGA/MP_Away_Starter,3P/MP_Away_Starter,3PA/MP_Away_Starter,FT/MP_Away_Starter,FTA/MP_Away_Starter,ORB/MP_Away_Starter,DRB/MP_Away_Starter,AST/MP_Away_Starter,STL/MP_Away_Starter,BLK/MP_Away_Starter,TOV/MP_Away_Starter,PF/MP_Away_Starter,PTS/MP_Away_Starter,FG/MP_Away_Other,FGA/MP_Away_Other,3P/MP_Away_Other,3PA/MP_Away_Other,FT/MP_Away_Other,FTA/MP_Away_Other,ORB/MP_Away_Other,DRB/MP_Away_Other,AST/MP_Away_Other,STL/MP_Away_Other,BLK/MP_Away_Other,TOV/MP_Away_Other,PF/MP_Away_Other,PTS/MP_Away_Other
MIN vs OKC 2022,0.17893466643682124,0.40734356145492157,0.04206171349767281,0.13721772108257196,0.07826236855714531,0.10222375452508188,0.04912946043785554,0.15652473711429063,0.1435959317359076,0.0336148939837959,0.015686950525771418,0.07067746940182727,0.0665402516807447,0.4781934149284606,0.14208730016166696,0.3353691395724807,0.05281120890964613,0.16202622597449254,0.052272319022813006,0.07059457517513922,0.03987785162565116,0.16076881623854858,0.06340937668403089,0.02856116400215556,0.026405604454823064,0.048679719777258844,0.06358900664630861,0.3892581282557931,0.2018826539937854,0.4108938036921952,0.056753792725278744,0.15920307073661122,0.10619630780478889,0.1368122829464449,0.05465180040212027,0.17812100164503747,0.10555657101078414,0.030707366112228112,0.031255711935660756,0.0708280021933833,0.08782672271979529,0.5667154085176385,0.15283483976992604,0.33634620651876196,0.0599835661462613,0.16146261298274445,0.05929882224048206,0.07586962476033964,0.031909066009312516,0.10284853464804163,0.08709942481511915,0.03478499041358532,0.018214187893727744,0.04615173924952068,0.09216652971788551,0.42495206792659546
