GameID,FG/MP_Home_Starter,FGA/MP_Home_Starter,3P/MP_Home_Starter,3PA/MP_Home_Starter,FT/MP_Home_Starter,FTA/MP_Home_Starter,ORB/MP_Home_Starter,DRB/MP_Home_Starter,AST/MP_Home_Starter,STL/MP_Home_Starter,BLK/MP_Home_Starter,TOV/MP_Home_Starter,PF/MP_Home_Starter,PTS/MP_Home_Starter,FG/MP_Home_Other,FGA/MP_Home_Other,3P/MP_Home_Other,3PA/MP_Home_Other,FT/MP_Home_Other,FTA/MP_Home_Other,ORB/MP_Home_Other,DRB/MP_Home_Other,AST/MP_Home_Other,STL/MP_Home_Other,BLK/MP_Home_Other,TOV/MP_Home_Other,PF/MP_Home_Other,PTS/MP_Home_Other,FG/MP_Away_Starter,FGA/MP_Away_Starter,3P/MP_Away_Starter,3PA/MP_Away_Starter,FT/MP_Away_Starter,FTA/MP_Away_Starter,ORB/MP_Away_Starter,DRB/MP_Away_Starter,AST/MP_Away_Starter,STL/MP_Away_Starter,BLK/MP_Away_Starter,TOV/MP_Away_Starter,PF/MP_Away_Starter,PTS/MP_Away_Starter,FG/MP_Away_Other,FGA/MP_Away_Other,3P/MP_Away_Other,3PA/MP_Away_Other,FT/MP_Away_Other,FTA/MP_Away_Other,ORB/MP_Away_Other,DRB/MP_Away_Other,AST/MP_Away_Other,STL/MP_Away_Other,BLK/MP_Away_Other,TOV/MP_Away_Other,PF/MP_Away_Other,PTS/MP_Away_Other
NOP vs CHA 2022,0.17300085984522787,0.36182287188306106,0.0529664660361135,0.14015477214101463,0.0589853826311264,0.08529664660361135,0.046431642304385214,0.14342218400687876,0.12536543422184007,0.03456577815993121,0.01702493551160791,0.04763542562338779,0.07360275150472916,0.45795356835769563,0.13602214313958086,0.29379201265322263,0.028469750889679714,0.08422301304863583,0.0660340055357849,0.0941083432186635,0.05021747726374061,0.1277184657967576,0.099644128113879,0.03795966785290629,0.027283511269276393,0.05614867536575722,0.10241202056148675,0.3665480427046263,0.2576086956521739,0.49782608695652175,0.03900966183574879,0.1071256038647343,0.11932367149758454,0.15821256038647344,0.058091787439613525,0.1681159420289855,0.12536231884057972,0.024396135265700482,0.017753623188405798,0.07536231884057971,0.0751207729468599,0.6735507246376812,0.14102564102564102,0.3349731663685152,0.04934406678592725,0.1557841383422779,0.06037567084078712,0.07826475849731664,0.05128205128205128,0.11985688729874776,0.11150864639236732,0.04203935599284436,0.01326774001192606,0.04785330948121646,0.07438878950506858,0.39177101967799643
