GameID,FG/MP_Home_Starter,FGA/MP_Home_Starter,3P/MP_Home_Starter,3PA/MP_Home_Starter,FT/MP_Home_Starter,FTA/MP_Home_Starter,ORB/MP_Home_Starter,DRB/MP_Home_Starter,AST/MP_Home_Starter,STL/MP_Home_Starter,BLK/MP_Home_Starter,TOV/MP_Home_Starter,PF/MP_Home_Starter,PTS/MP_Home_Starter,FG/MP_Home_Other,FGA/MP_Home_Other,3P/MP_Home_Other,3PA/MP_Home_Other,FT/MP_Home_Other,FTA/MP_Home_Other,ORB/MP_Home_Other,DRB/MP_Home_Other,AST/MP_Home_Other,STL/MP_Home_Other,BLK/MP_Home_Other,TOV/MP_Home_Other,PF/MP_Home_Other,PTS/MP_Home_Other,FG/MP_Away_Starter,FGA/MP_Away_Starter,3P/MP_Away_Starter,3PA/MP_Away_Starter,FT/MP_Away_Starter,FTA/MP_Away_Starter,ORB/MP_Away_Starter,DRB/MP_Away_Starter,AST/MP_Away_Starter,STL/MP_Away_Starter,BLK/MP_Away_Starter,TOV/MP_Away_Starter,PF/MP_Away_Starter,PTS/MP_Away_Starter,FG/MP_Away_Other,FGA/MP_Away_Other,3P/MP_Away_Other,3PA/MP_Away_Other,FT/MP_Away_Other,FTA/MP_Away_Other,ORB/MP_Away_Other,DRB/MP_Away_Other,AST/MP_Away_Other,STL/MP_Away_Other,BLK/MP_Away_Other,TOV/MP_Away_Other,PF/MP_Away_Other,PTS/MP_Away_Other
NOP vs BKN 2022,0.18737343656938654,0.35997617629541395,0.04014294222751638,0.10184633710541989,0.09112567004169149,0.11602144133412745,0.03490172721858249,0.1536628945801072,0.13734365693865397,0.034782608695652174,0.02227516378796903,0.06599166170339488,0.07837998808814771,0.5060154854079809,0.15313653136531366,0.345479704797048,0.06134686346863469,0.1677429274292743,0.04228167281672817,0.054735547355473556,0.032595325953259535,0.1027060270602706,0.061808118081180814,0.026599015990159902,0.013991389913899139,0.044587945879458794,0.07410824108241082,0.40990159901599016,0.2576086956521739,0.49782608695652175,0.03900966183574879,0.1071256038647343,0.11932367149758454,0.15821256038647344,0.058091787439613525,0.1681159420289855,0.12536231884057972,0.024396135265700482,0.017753623188405798,0.07536231884057971,0.0751207729468599,0.6735507246376812,0.14102564102564102,0.3349731663685152,0.04934406678592725,0.1557841383422779,0.06037567084078712,0.07826475849731664,0.05128205128205128,0.11985688729874776,0.11150864639236732,0.04203935599284436,0.01326774001192606,0.04785330948121646,0.07438878950506858,0.39177101967799643
