GameID,FG/MP_Home_Starter,FGA/MP_Home_Starter,3P/MP_Home_Starter,3PA/MP_Home_Starter,FT/MP_Home_Starter,FTA/MP_Home_Starter,ORB/MP_Home_Starter,DRB/MP_Home_Starter,AST/MP_Home_Starter,STL/MP_Home_Starter,BLK/MP_Home_Starter,TOV/MP_Home_Starter,PF/MP_Home_Starter,PTS/MP_Home_Starter,FG/MP_Home_Other,FGA/MP_Home_Other,3P/MP_Home_Other,3PA/MP_Home_Other,FT/MP_Home_Other,FTA/MP_Home_Other,ORB/MP_Home_Other,DRB/MP_Home_Other,AST/MP_Home_Other,STL/MP_Home_Other,BLK/MP_Home_Other,TOV/MP_Home_Other,PF/MP_Home_Other,PTS/MP_Home_Other,FG/MP_Away_Starter,FGA/MP_Away_Starter,3P/MP_Away_Starter,3PA/MP_Away_Starter,FT/MP_Away_Starter,FTA/MP_Away_Starter,ORB/MP_Away_Starter,DRB/MP_Away_Starter,AST/MP_Away_Starter,STL/MP_Away_Starter,BLK/MP_Away_Starter,TOV/MP_Away_Starter,PF/MP_Away_Starter,PTS/MP_Away_Starter,FG/MP_Away_Other,FGA/MP_Away_Other,3P/MP_Away_Other,3PA/MP_Away_Other,FT/MP_Away_Other,FTA/MP_Away_Other,ORB/MP_Away_Other,DRB/MP_Away_Other,AST/MP_Away_Other,STL/MP_Away_Other,BLK/MP_Away_Other,TOV/MP_Away_Other,PF/MP_Away_Other,PTS/MP_Away_Other
NOP vs SAC 2020,0.17637426900584796,0.3665497076023392,0.04900584795321637,0.13146198830409356,0.07660818713450293,0.10093567251461988,0.04070175438596491,0.13146198830409356,0.10245614035087719,0.030760233918128654,0.016257309941520467,0.05461988304093567,0.08444444444444445,0.4783625730994152,0.1576417004048583,0.3586791497975709,0.05478238866396761,0.15194838056680163,0.05478238866396761,0.07072368421052631,0.03618421052631579,0.13663967611336034,0.0931174089068826,0.03479251012145749,0.018851214574898786,0.057059716599190284,0.10083502024291498,0.4248481781376518,0.20464271819478666,0.43081312410841655,0.05330047983400337,0.1430424069511088,0.07807028919725068,0.10750875372843989,0.05226300090779406,0.15899364544157696,0.15160160809233564,0.036830501880430556,0.021657372584619375,0.0833873686940734,0.07340163402930878,0.5406562054208274,0.14612610371844298,0.3345355055341375,0.0640467603531899,0.17323715955726898,0.06193259544832732,0.08493968411889069,0.0373087924387514,0.1361770924014426,0.07337395846287775,0.027111055838826018,0.018032583012063175,0.04601417734112673,0.09675413505782862,0.41823156323840316
