GameID,FG/MP_Home_Starter,FGA/MP_Home_Starter,3P/MP_Home_Starter,3PA/MP_Home_Starter,FT/MP_Home_Starter,FTA/MP_Home_Starter,ORB/MP_Home_Starter,DRB/MP_Home_Starter,AST/MP_Home_Starter,STL/MP_Home_Starter,BLK/MP_Home_Starter,TOV/MP_Home_Starter,PF/MP_Home_Starter,PTS/MP_Home_Starter,FG/MP_Home_Other,FGA/MP_Home_Other,3P/MP_Home_Other,3PA/MP_Home_Other,FT/MP_Home_Other,FTA/MP_Home_Other,ORB/MP_Home_Other,DRB/MP_Home_Other,AST/MP_Home_Other,STL/MP_Home_Other,BLK/MP_Home_Other,TOV/MP_Home_Other,PF/MP_Home_Other,PTS/MP_Home_Other,FG/MP_Away_Starter,FGA/MP_Away_Starter,3P/MP_Away_Starter,3PA/MP_Away_Starter,FT/MP_Away_Starter,FTA/MP_Away_Starter,ORB/MP_Away_Starter,DRB/MP_Away_Starter,AST/MP_Away_Starter,STL/MP_Away_Starter,BLK/MP_Away_Starter,TOV/MP_Away_Starter,PF/MP_Away_Starter,PTS/MP_Away_Starter,FG/MP_Away_Other,FGA/MP_Away_Other,3P/MP_Away_Other,3PA/MP_Away_Other,FT/MP_Away_Other,FTA/MP_Away_Other,ORB/MP_Away_Other,DRB/MP_Away_Other,AST/MP_Away_Other,STL/MP_Away_Other,BLK/MP_Away_Other,TOV/MP_Away_Other,PF/MP_Away_Other,PTS/MP_Away_Other
OKC vs PHO 2020,0.16568833757891238,0.3568501495182191,0.04983940635729316,0.13811053272787685,0.09646693986044966,0.10942518551334589,0.030789677705172224,0.12504153283863106,0.1418761767637612,0.03422305903200797,0.011186177871303578,0.06733857570052054,0.08373020268025252,0.4776830213755676,0.18583912965935437,0.38879971464241125,0.04102015337970394,0.11485642946317104,0.0686641697877653,0.0893525949705725,0.053861244872480826,0.16729088639200998,0.06830747280185483,0.03210272873194221,0.024612092027822365,0.05082932049224184,0.09844836811128946,0.48136258248617797,0.14970957466741616,0.3312722503278996,0.050590219224283306,0.14315158328649052,0.07213790519018175,0.08544125913434514,0.018175004684279558,0.13659359190556492,0.11092373992879895,0.03485103991006183,0.015551808131909312,0.05096496158890763,0.07963275248266817,0.42214727374929734,0.0999131190269331,0.2471763683753258,0.02997393570807993,0.1103388357949609,0.023023457862728063,0.036055603822762815,0.029105125977410946,0.08992180712423979,0.03909643788010426,0.029105125977410946,0.014769765421372719,0.03735881841876629,0.1155516941789748,0.2528236316246742
