GameID,FG/MP_Home_Starter,FGA/MP_Home_Starter,3P/MP_Home_Starter,3PA/MP_Home_Starter,FT/MP_Home_Starter,FTA/MP_Home_Starter,ORB/MP_Home_Starter,DRB/MP_Home_Starter,AST/MP_Home_Starter,STL/MP_Home_Starter,BLK/MP_Home_Starter,TOV/MP_Home_Starter,PF/MP_Home_Starter,PTS/MP_Home_Starter,FG/MP_Home_Other,FGA/MP_Home_Other,3P/MP_Home_Other,3PA/MP_Home_Other,FT/MP_Home_Other,FTA/MP_Home_Other,ORB/MP_Home_Other,DRB/MP_Home_Other,AST/MP_Home_Other,STL/MP_Home_Other,BLK/MP_Home_Other,TOV/MP_Home_Other,PF/MP_Home_Other,PTS/MP_Home_Other,FG/MP_Away_Starter,FGA/MP_Away_Starter,3P/MP_Away_Starter,3PA/MP_Away_Starter,FT/MP_Away_Starter,FTA/MP_Away_Starter,ORB/MP_Away_Starter,DRB/MP_Away_Starter,AST/MP_Away_Starter,STL/MP_Away_Starter,BLK/MP_Away_Starter,TOV/MP_Away_Starter,PF/MP_Away_Starter,PTS/MP_Away_Starter,FG/MP_Away_Other,FGA/MP_Away_Other,3P/MP_Away_Other,3PA/MP_Away_Other,FT/MP_Away_Other,FTA/MP_Away_Other,ORB/MP_Away_Other,DRB/MP_Away_Other,AST/MP_Away_Other,STL/MP_Away_Other,BLK/MP_Away_Other,TOV/MP_Away_Other,PF/MP_Away_Other,PTS/MP_Away_Other
OKC vs DEN 2022,0.2157377049180328,0.4228415300546448,0.0526775956284153,0.14426229508196722,0.09016393442622951,0.11081967213114755,0.04568306010928962,0.16983606557377048,0.1273224043715847,0.033879781420765025,0.016174863387978144,0.06896174863387979,0.06437158469945355,0.5743169398907104,0.1512364856468249,0.31390580340499563,0.03989064247545669,0.10600223685845657,0.05679135081396794,0.0739405989809867,0.0413818814465018,0.13545420653659748,0.09568783397539456,0.030446128992170994,0.02224431465142289,0.04560705853112961,0.09581210388964832,0.3991549645830744,0.18081180811808117,0.4196578329419658,0.04360952700436095,0.14625964441462597,0.07698758805769876,0.09862462260986246,0.047467292854746726,0.16907078161690708,0.1435759812143576,0.03186850050318685,0.019959745051995974,0.07681985910768199,0.06591747735659174,0.48222073129822207,0.1449874501697918,0.3419459619075742,0.05551454303853536,0.16211427727742508,0.05182341650671785,0.07086962941089621,0.036763620256902406,0.1389340026576111,0.06215857079580688,0.03115310792853979,0.019341503026723755,0.043407648014173926,0.06629263251144249,0.39731285988483683
