GameID,FG/MP_Home_Starter,FGA/MP_Home_Starter,3P/MP_Home_Starter,3PA/MP_Home_Starter,FT/MP_Home_Starter,FTA/MP_Home_Starter,ORB/MP_Home_Starter,DRB/MP_Home_Starter,AST/MP_Home_Starter,STL/MP_Home_Starter,BLK/MP_Home_Starter,TOV/MP_Home_Starter,PF/MP_Home_Starter,PTS/MP_Home_Starter,FG/MP_Home_Other,FGA/MP_Home_Other,3P/MP_Home_Other,3PA/MP_Home_Other,FT/MP_Home_Other,FTA/MP_Home_Other,ORB/MP_Home_Other,DRB/MP_Home_Other,AST/MP_Home_Other,STL/MP_Home_Other,BLK/MP_Home_Other,TOV/MP_Home_Other,PF/MP_Home_Other,PTS/MP_Home_Other,FG/MP_Away_Starter,FGA/MP_Away_Starter,3P/MP_Away_Starter,3PA/MP_Away_Starter,FT/MP_Away_Starter,FTA/MP_Away_Starter,ORB/MP_Away_Starter,DRB/MP_Away_Starter,AST/MP_Away_Starter,STL/MP_Away_Starter,BLK/MP_Away_Starter,TOV/MP_Away_Starter,PF/MP_Away_Starter,PTS/MP_Away_Starter,FG/MP_Away_Other,FGA/MP_Away_Other,3P/MP_Away_Other,3PA/MP_Away_Other,FT/MP_Away_Other,FTA/MP_Away_Other,ORB/MP_Away_Other,DRB/MP_Away_Other,AST/MP_Away_Other,STL/MP_Away_Other,BLK/MP_Away_Other,TOV/MP_Away_Other,PF/MP_Away_Other,PTS/MP_Away_Other
OKC vs MIN 2022,0.2018826539937854,0.4108938036921952,0.056753792725278744,0.15920307073661122,0.10619630780478889,0.1368122829464449,0.05465180040212027,0.17812100164503747,0.10555657101078414,0.030707366112228112,0.031255711935660756,0.0708280021933833,0.08782672271979529,0.5667154085176385,0.1516076294277929,0.33482288828337875,0.05340599455040872,0.14572207084468664,0.05863760217983651,0.0784741144414169,0.03923705722070845,0.11901907356948228,0.0914441416893733,0.037057220708446865,0.02005449591280654,0.04643051771117166,0.09111716621253406,0.4152588555858311,0.18328569026399866,0.41953926349419873,0.040860938288212544,0.13922986379687238,0.07550025222801413,0.09904153354632587,0.04758701866487305,0.16041701698335295,0.15385908861610897,0.03447116193038507,0.019169329073482427,0.07819068437867832,0.0670926517571885,0.482932571044224,0.14289923394225104,0.34222156747200944,0.05789628756629346,0.16823806717737183,0.05318208603417796,0.07056570418385386,0.03668238067177372,0.14658220388921625,0.05332940483205657,0.028874484384207425,0.020035356511490868,0.04228049499116087,0.06526222746022392,0.3968768414849735
