GameID,FG/MP_Home_Starter,FGA/MP_Home_Starter,3P/MP_Home_Starter,3PA/MP_Home_Starter,FT/MP_Home_Starter,FTA/MP_Home_Starter,ORB/MP_Home_Starter,DRB/MP_Home_Starter,AST/MP_Home_Starter,STL/MP_Home_Starter,BLK/MP_Home_Starter,TOV/MP_Home_Starter,PF/MP_Home_Starter,PTS/MP_Home_Starter,FG/MP_Home_Other,FGA/MP_Home_Other,3P/MP_Home_Other,3PA/MP_Home_Other,FT/MP_Home_Other,FTA/MP_Home_Other,ORB/MP_Home_Other,DRB/MP_Home_Other,AST/MP_Home_Other,STL/MP_Home_Other,BLK/MP_Home_Other,TOV/MP_Home_Other,PF/MP_Home_Other,PTS/MP_Home_Other,FG/MP_Away_Starter,FGA/MP_Away_Starter,3P/MP_Away_Starter,3PA/MP_Away_Starter,FT/MP_Away_Starter,FTA/MP_Away_Starter,ORB/MP_Away_Starter,DRB/MP_Away_Starter,AST/MP_Away_Starter,STL/MP_Away_Starter,BLK/MP_Away_Starter,TOV/MP_Away_Starter,PF/MP_Away_Starter,PTS/MP_Away_Starter,FG/MP_Away_Other,FGA/MP_Away_Other,3P/MP_Away_Other,3PA/MP_Away_Other,FT/MP_Away_Other,FTA/MP_Away_Other,ORB/MP_Away_Other,DRB/MP_Away_Other,AST/MP_Away_Other,STL/MP_Away_Other,BLK/MP_Away_Other,TOV/MP_Away_Other,PF/MP_Away_Other,PTS/MP_Away_Other
OKC vs MEM 2020,0.1868890916199661,0.39593379382249444,0.037143229506060214,0.10895347321777663,0.07585038446500716,0.09956992050045614,0.0518701941874104,0.15795647074156133,0.1154698292714714,0.026977714062296362,0.020852339371823278,0.06842173856379513,0.0924019288413919,0.4867717972109996,0.1688518077075884,0.3472387763210171,0.04211362733412793,0.12117600317838696,0.06456098529996027,0.08382995629717918,0.05264203416765991,0.17183154549066348,0.09237187127532777,0.03913388955105284,0.028804131903059197,0.05641636869288836,0.08859753675009932,0.444378228049265,0.18407212622088656,0.3820435762584523,0.048459804658151764,0.13022789882294014,0.10919108439769597,0.1288504883546206,0.025920360631104433,0.14825945404457802,0.10781367392937641,0.03806661657901327,0.019033308289506636,0.053218131730528424,0.07200100175306787,0.5257951414976209,0.10543451039318807,0.2554470323065364,0.035311795642374154,0.11570247933884298,0.033809166040571,0.04808414725770098,0.023791635361883296,0.11645379413974455,0.03781617831204608,0.025544703230653644,0.022539444027047332,0.040320560981718004,0.0946656649135988,0.27998998246932133
