GameID,FG/MP_Home_Starter,FGA/MP_Home_Starter,3P/MP_Home_Starter,3PA/MP_Home_Starter,FT/MP_Home_Starter,FTA/MP_Home_Starter,ORB/MP_Home_Starter,DRB/MP_Home_Starter,AST/MP_Home_Starter,STL/MP_Home_Starter,BLK/MP_Home_Starter,TOV/MP_Home_Starter,PF/MP_Home_Starter,PTS/MP_Home_Starter,FG/MP_Home_Other,FGA/MP_Home_Other,3P/MP_Home_Other,3PA/MP_Home_Other,FT/MP_Home_Other,FTA/MP_Home_Other,ORB/MP_Home_Other,DRB/MP_Home_Other,AST/MP_Home_Other,STL/MP_Home_Other,BLK/MP_Home_Other,TOV/MP_Home_Other,PF/MP_Home_Other,PTS/MP_Home_Other,FG/MP_Away_Starter,FGA/MP_Away_Starter,3P/MP_Away_Starter,3PA/MP_Away_Starter,FT/MP_Away_Starter,FTA/MP_Away_Starter,ORB/MP_Away_Starter,DRB/MP_Away_Starter,AST/MP_Away_Starter,STL/MP_Away_Starter,BLK/MP_Away_Starter,TOV/MP_Away_Starter,PF/MP_Away_Starter,PTS/MP_Away_Starter,FG/MP_Away_Other,FGA/MP_Away_Other,3P/MP_Away_Other,3PA/MP_Away_Other,FT/MP_Away_Other,FTA/MP_Away_Other,ORB/MP_Away_Other,DRB/MP_Away_Other,AST/MP_Away_Other,STL/MP_Away_Other,BLK/MP_Away_Other,TOV/MP_Away_Other,PF/MP_Away_Other,PTS/MP_Away_Other
ORL vs BRK 2020,0.16695621959694232,0.34798471160528144,0.04586518415566365,0.11865879082696316,0.061501042390548995,0.09016678248783877,0.055941626129256426,0.15045170257123003,0.07800555941626129,0.026233495482974288,0.020326615705350937,0.05281445448227936,0.07991660875608061,0.4412786657400973,0.1279896574014221,0.3387201034259858,0.07239819004524888,0.22365869424692955,0.03619909502262444,0.04718810601163542,0.01809954751131222,0.10471881060116355,0.09114414996767937,0.028442146089204912,0.01680672268907563,0.03684550743374273,0.06140917905623788,0.3645765998707175,0.18207211782630778,0.4057897409852717,0.053580497714575924,0.15159979685119349,0.07884713052310818,0.10017775520568817,0.04177247333671915,0.148933468765871,0.11262061960385983,0.02856780091416963,0.014982224479431183,0.051168105637379384,0.06932453021838497,0.49657186389029967,0.1765030336458908,0.3728626585769443,0.01654715940430226,0.06508549365692223,0.05626034197462769,0.07777164920022063,0.019305019305019305,0.09817981246552675,0.18422504136789852,0.045780474351902925,0.005515719801434087,0.07225592939878654,0.0694980694980695,0.4258135686707115
