GameID,FG/MP_Home_Starter,FGA/MP_Home_Starter,3P/MP_Home_Starter,3PA/MP_Home_Starter,FT/MP_Home_Starter,FTA/MP_Home_Starter,ORB/MP_Home_Starter,DRB/MP_Home_Starter,AST/MP_Home_Starter,STL/MP_Home_Starter,BLK/MP_Home_Starter,TOV/MP_Home_Starter,PF/MP_Home_Starter,PTS/MP_Home_Starter,FG/MP_Home_Other,FGA/MP_Home_Other,3P/MP_Home_Other,3PA/MP_Home_Other,FT/MP_Home_Other,FTA/MP_Home_Other,ORB/MP_Home_Other,DRB/MP_Home_Other,AST/MP_Home_Other,STL/MP_Home_Other,BLK/MP_Home_Other,TOV/MP_Home_Other,PF/MP_Home_Other,PTS/MP_Home_Other,FG/MP_Away_Starter,FGA/MP_Away_Starter,3P/MP_Away_Starter,3PA/MP_Away_Starter,FT/MP_Away_Starter,FTA/MP_Away_Starter,ORB/MP_Away_Starter,DRB/MP_Away_Starter,AST/MP_Away_Starter,STL/MP_Away_Starter,BLK/MP_Away_Starter,TOV/MP_Away_Starter,PF/MP_Away_Starter,PTS/MP_Away_Starter,FG/MP_Away_Other,FGA/MP_Away_Other,3P/MP_Away_Other,3PA/MP_Away_Other,FT/MP_Away_Other,FTA/MP_Away_Other,ORB/MP_Away_Other,DRB/MP_Away_Other,AST/MP_Away_Other,STL/MP_Away_Other,BLK/MP_Away_Other,TOV/MP_Away_Other,PF/MP_Away_Other,PTS/MP_Away_Other
ORL vs DET 2022,0.17085351089588377,0.40208837772397094,0.051452784503631964,0.15420702179176757,0.06446731234866829,0.07944915254237288,0.059170702179176755,0.1545096852300242,0.10154358353510896,0.026180387409200968,0.020732445520581115,0.06280266343825666,0.0815677966101695,0.4576271186440678,0.1294192929131339,0.29227323628219487,0.03375459926411774,0.10254359302511598,0.049752039673652215,0.0668693009118541,0.03839385698288274,0.12270036794112942,0.10862262038073908,0.04095344744840825,0.01919692849144137,0.05055191169412894,0.10286354183330668,0.3423452247640378,0.17873651771956856,0.4012583461736004,0.04815100154083205,0.14637904468412943,0.0847457627118644,0.10387776065742167,0.03531073446327684,0.15896250642013354,0.11389316897791474,0.02285567539804828,0.013610683102208527,0.061761684643040576,0.07344632768361582,0.4903697996918336,0.13963700234192036,0.3444086651053864,0.052400468384074944,0.16305620608899296,0.04786299765807962,0.06411007025761124,0.038788056206088994,0.16510538641686182,0.08782201405152225,0.0352751756440281,0.029127634660421547,0.05693793911007026,0.08518735362997658,0.3795374707259953
