GameID,FG/MP_Home_Starter,FGA/MP_Home_Starter,3P/MP_Home_Starter,3PA/MP_Home_Starter,FT/MP_Home_Starter,FTA/MP_Home_Starter,ORB/MP_Home_Starter,DRB/MP_Home_Starter,AST/MP_Home_Starter,STL/MP_Home_Starter,BLK/MP_Home_Starter,TOV/MP_Home_Starter,PF/MP_Home_Starter,PTS/MP_Home_Starter,FG/MP_Home_Other,FGA/MP_Home_Other,3P/MP_Home_Other,3PA/MP_Home_Other,FT/MP_Home_Other,FTA/MP_Home_Other,ORB/MP_Home_Other,DRB/MP_Home_Other,AST/MP_Home_Other,STL/MP_Home_Other,BLK/MP_Home_Other,TOV/MP_Home_Other,PF/MP_Home_Other,PTS/MP_Home_Other,FG/MP_Away_Starter,FGA/MP_Away_Starter,3P/MP_Away_Starter,3PA/MP_Away_Starter,FT/MP_Away_Starter,FTA/MP_Away_Starter,ORB/MP_Away_Starter,DRB/MP_Away_Starter,AST/MP_Away_Starter,STL/MP_Away_Starter,BLK/MP_Away_Starter,TOV/MP_Away_Starter,PF/MP_Away_Starter,PTS/MP_Away_Starter,FG/MP_Away_Other,FGA/MP_Away_Other,3P/MP_Away_Other,3PA/MP_Away_Other,FT/MP_Away_Other,FTA/MP_Away_Other,ORB/MP_Away_Other,DRB/MP_Away_Other,AST/MP_Away_Other,STL/MP_Away_Other,BLK/MP_Away_Other,TOV/MP_Away_Other,PF/MP_Away_Other,PTS/MP_Away_Other
ORL vs BRK 2020,0.16695621959694232,0.34798471160528144,0.04586518415566365,0.11865879082696316,0.061501042390548995,0.09016678248783877,0.055941626129256426,0.15045170257123003,0.07800555941626129,0.026233495482974288,0.020326615705350937,0.05281445448227936,0.07991660875608061,0.4412786657400973,0.12557912704218482,0.32114118507681055,0.05827846866617898,0.1816630090221897,0.050719336747134844,0.06681297244574494,0.029992684711046085,0.11265544989027067,0.07388441843452817,0.029992684711046085,0.013899049012435992,0.0487685930260912,0.08729578151670324,0.3601560594976835,0.18207211782630778,0.4057897409852717,0.053580497714575924,0.15159979685119349,0.07884713052310818,0.10017775520568817,0.04177247333671915,0.148933468765871,0.11262061960385983,0.02856780091416963,0.014982224479431183,0.051168105637379384,0.06932453021838497,0.49657186389029967,0.15229257641921398,0.34320414847161573,0.04189410480349345,0.12581877729257643,0.060862445414847165,0.07969432314410481,0.04694323144104803,0.13618995633187772,0.08815502183406114,0.039574235807860264,0.03411572052401747,0.048853711790393016,0.08146834061135372,0.40734170305676853
