GameID,FG/MP_Home_Starter,FGA/MP_Home_Starter,3P/MP_Home_Starter,3PA/MP_Home_Starter,FT/MP_Home_Starter,FTA/MP_Home_Starter,ORB/MP_Home_Starter,DRB/MP_Home_Starter,AST/MP_Home_Starter,STL/MP_Home_Starter,BLK/MP_Home_Starter,TOV/MP_Home_Starter,PF/MP_Home_Starter,PTS/MP_Home_Starter,FG/MP_Home_Other,FGA/MP_Home_Other,3P/MP_Home_Other,3PA/MP_Home_Other,FT/MP_Home_Other,FTA/MP_Home_Other,ORB/MP_Home_Other,DRB/MP_Home_Other,AST/MP_Home_Other,STL/MP_Home_Other,BLK/MP_Home_Other,TOV/MP_Home_Other,PF/MP_Home_Other,PTS/MP_Home_Other,FG/MP_Away_Starter,FGA/MP_Away_Starter,3P/MP_Away_Starter,3PA/MP_Away_Starter,FT/MP_Away_Starter,FTA/MP_Away_Starter,ORB/MP_Away_Starter,DRB/MP_Away_Starter,AST/MP_Away_Starter,STL/MP_Away_Starter,BLK/MP_Away_Starter,TOV/MP_Away_Starter,PF/MP_Away_Starter,PTS/MP_Away_Starter,FG/MP_Away_Other,FGA/MP_Away_Other,3P/MP_Away_Other,3PA/MP_Away_Other,FT/MP_Away_Other,FTA/MP_Away_Other,ORB/MP_Away_Other,DRB/MP_Away_Other,AST/MP_Away_Other,STL/MP_Away_Other,BLK/MP_Away_Other,TOV/MP_Away_Other,PF/MP_Away_Other,PTS/MP_Away_Other
ORL vs ATL 2022,0.21815533980582524,0.44737864077669903,0.04533980582524272,0.12388349514563107,0.10067961165048543,0.1266019417475728,0.051262135922330095,0.1741747572815534,0.1574757281553398,0.032427184466019415,0.019417475728155338,0.06368932038834951,0.0729126213592233,0.5823300970873786,0.13319273199221285,0.29039584685269304,0.04428942245295263,0.1273523685918235,0.046236210253082416,0.06018818948734588,0.038124594419208305,0.10950681375730045,0.08857884490590526,0.03406878650227125,0.02109020116807268,0.04737183646982479,0.09214795587280987,0.3569110966904607,0.1752416145537237,0.39241046048891415,0.040505969300739054,0.13430926662876636,0.08101193860147811,0.10218874360432063,0.03823194997157476,0.1516486640136441,0.10332575326890278,0.027146105741898807,0.015349630471859011,0.06452529846503695,0.07717453098351336,0.47200113700966456,0.14675632911392406,0.3582542194092827,0.05907172995780591,0.17260021097046413,0.054984177215189875,0.06962025316455696,0.0357331223628692,0.17128164556962025,0.10021097046413502,0.030063291139240507,0.02597573839662447,0.05485232067510549,0.08056434599156118,0.4075685654008439
