GameID,FG/MP_Home_Starter,FGA/MP_Home_Starter,3P/MP_Home_Starter,3PA/MP_Home_Starter,FT/MP_Home_Starter,FTA/MP_Home_Starter,ORB/MP_Home_Starter,DRB/MP_Home_Starter,AST/MP_Home_Starter,STL/MP_Home_Starter,BLK/MP_Home_Starter,TOV/MP_Home_Starter,PF/MP_Home_Starter,PTS/MP_Home_Starter,FG/MP_Home_Other,FGA/MP_Home_Other,3P/MP_Home_Other,3PA/MP_Home_Other,FT/MP_Home_Other,FTA/MP_Home_Other,ORB/MP_Home_Other,DRB/MP_Home_Other,AST/MP_Home_Other,STL/MP_Home_Other,BLK/MP_Home_Other,TOV/MP_Home_Other,PF/MP_Home_Other,PTS/MP_Home_Other,FG/MP_Away_Starter,FGA/MP_Away_Starter,3P/MP_Away_Starter,3PA/MP_Away_Starter,FT/MP_Away_Starter,FTA/MP_Away_Starter,ORB/MP_Away_Starter,DRB/MP_Away_Starter,AST/MP_Away_Starter,STL/MP_Away_Starter,BLK/MP_Away_Starter,TOV/MP_Away_Starter,PF/MP_Away_Starter,PTS/MP_Away_Starter,FG/MP_Away_Other,FGA/MP_Away_Other,3P/MP_Away_Other,3PA/MP_Away_Other,FT/MP_Away_Other,FTA/MP_Away_Other,ORB/MP_Away_Other,DRB/MP_Away_Other,AST/MP_Away_Other,STL/MP_Away_Other,BLK/MP_Away_Other,TOV/MP_Away_Other,PF/MP_Away_Other,PTS/MP_Away_Other
PHI vs WAS 2020,0.16013169709667763,0.3305896438192158,0.027536665668961388,0.07752170008979348,0.05701885662975157,0.0740796168811733,0.04624363962885364,0.14800957797066747,0.10251421730020951,0.033672553127806044,0.01481592337623466,0.04399880275366657,0.08141275067345106,0.40481891649206825,0.1288332426056977,0.2874251497005988,0.035383777898747956,0.11232081291961532,0.06477953184540011,0.09036472509526401,0.04536381781890764,0.13028488477590275,0.11340954454726909,0.03792415169660679,0.021230266739248774,0.06350934494647069,0.11776447105788423,0.35782979495554346,0.20420572586774766,0.41677223207499364,0.03863693944768178,0.106916645553585,0.10362300481378262,0.13668609070179882,0.04484418545730935,0.16784899923992905,0.13098555865214087,0.03483658474790981,0.021788700278692678,0.07322016721560679,0.0884215860146947,0.5506713959969597,0.14601707965840682,0.3401931961360773,0.05753884922301554,0.15567688646227076,0.05753884922301554,0.07153856922861543,0.03513929721405572,0.124737505249895,0.09645807083858322,0.03597928041439171,0.025619487610247797,0.04605907881842363,0.08287834243315134,0.40711185776284475
