GameID,FG/MP_Home_Starter,FGA/MP_Home_Starter,3P/MP_Home_Starter,3PA/MP_Home_Starter,FT/MP_Home_Starter,FTA/MP_Home_Starter,ORB/MP_Home_Starter,DRB/MP_Home_Starter,AST/MP_Home_Starter,STL/MP_Home_Starter,BLK/MP_Home_Starter,TOV/MP_Home_Starter,PF/MP_Home_Starter,PTS/MP_Home_Starter,FG/MP_Home_Other,FGA/MP_Home_Other,3P/MP_Home_Other,3PA/MP_Home_Other,FT/MP_Home_Other,FTA/MP_Home_Other,ORB/MP_Home_Other,DRB/MP_Home_Other,AST/MP_Home_Other,STL/MP_Home_Other,BLK/MP_Home_Other,TOV/MP_Home_Other,PF/MP_Home_Other,PTS/MP_Home_Other,FG/MP_Away_Starter,FGA/MP_Away_Starter,3P/MP_Away_Starter,3PA/MP_Away_Starter,FT/MP_Away_Starter,FTA/MP_Away_Starter,ORB/MP_Away_Starter,DRB/MP_Away_Starter,AST/MP_Away_Starter,STL/MP_Away_Starter,BLK/MP_Away_Starter,TOV/MP_Away_Starter,PF/MP_Away_Starter,PTS/MP_Away_Starter,FG/MP_Away_Other,FGA/MP_Away_Other,3P/MP_Away_Other,3PA/MP_Away_Other,FT/MP_Away_Other,FTA/MP_Away_Other,ORB/MP_Away_Other,DRB/MP_Away_Other,AST/MP_Away_Other,STL/MP_Away_Other,BLK/MP_Away_Other,TOV/MP_Away_Other,PF/MP_Away_Other,PTS/MP_Away_Other
PHI vs BOS 2022,0.19098768666492008,0.4251157104183041,0.06278927604576019,0.18417605449305738,0.0930923063487905,0.11317788839402672,0.028469129333682647,0.1526504235437953,0.13797921578901406,0.03292288883066981,0.020522225133176142,0.06444851977993188,0.06977556545279888,0.5378569557243909,0.1457286432160804,0.3324687955908575,0.06013940671097422,0.1705300697033555,0.05770789431026098,0.06840654887339925,0.03809369427784082,0.1267628464905171,0.10098881504295672,0.02382882152698979,0.017993191765278003,0.04247041659912466,0.0808883125303939,0.409304587453396,0.18973927670311186,0.40126156433978133,0.04659377628259041,0.12413793103448276,0.13052985702270817,0.15542472666105972,0.03397813288477712,0.16947014297729185,0.14070647603027756,0.026829268292682926,0.01892346509671993,0.06459209419680403,0.06854499579478554,0.5566021867115223,0.14737452857557296,0.3171840247558263,0.04931824775166812,0.1396383328498211,0.05483028720626632,0.072236727589208,0.03810076394932792,0.11981433130258196,0.08142346001353834,0.03800406150275602,0.021564645585533313,0.04032492022048158,0.08490474809012669,0.3988975921090804
