GameID,FG/MP_Home_Starter,FGA/MP_Home_Starter,3P/MP_Home_Starter,3PA/MP_Home_Starter,FT/MP_Home_Starter,FTA/MP_Home_Starter,ORB/MP_Home_Starter,DRB/MP_Home_Starter,AST/MP_Home_Starter,STL/MP_Home_Starter,BLK/MP_Home_Starter,TOV/MP_Home_Starter,PF/MP_Home_Starter,PTS/MP_Home_Starter,FG/MP_Home_Other,FGA/MP_Home_Other,3P/MP_Home_Other,3PA/MP_Home_Other,FT/MP_Home_Other,FTA/MP_Home_Other,ORB/MP_Home_Other,DRB/MP_Home_Other,AST/MP_Home_Other,STL/MP_Home_Other,BLK/MP_Home_Other,TOV/MP_Home_Other,PF/MP_Home_Other,PTS/MP_Home_Other,FG/MP_Away_Starter,FGA/MP_Away_Starter,3P/MP_Away_Starter,3PA/MP_Away_Starter,FT/MP_Away_Starter,FTA/MP_Away_Starter,ORB/MP_Away_Starter,DRB/MP_Away_Starter,AST/MP_Away_Starter,STL/MP_Away_Starter,BLK/MP_Away_Starter,TOV/MP_Away_Starter,PF/MP_Away_Starter,PTS/MP_Away_Starter,FG/MP_Away_Other,FGA/MP_Away_Other,3P/MP_Away_Other,3PA/MP_Away_Other,FT/MP_Away_Other,FTA/MP_Away_Other,ORB/MP_Away_Other,DRB/MP_Away_Other,AST/MP_Away_Other,STL/MP_Away_Other,BLK/MP_Away_Other,TOV/MP_Away_Other,PF/MP_Away_Other,PTS/MP_Away_Other
PHX vs POR 2022,0.19468910214276325,0.4228999605626397,0.059156040489023266,0.16419087682397793,0.10832128302878927,0.13605889312475353,0.03891152885500197,0.15420007887472065,0.12159852767188116,0.0281319836992244,0.014854739056132509,0.07098724858682792,0.07795451557775733,0.556855527803339,0.15036803364879076,0.3194006309148265,0.027602523659305992,0.09016824395373291,0.06519453207150368,0.08964248159831756,0.06887486855941115,0.16798107255520506,0.07860147213459516,0.03128286014721346,0.029705573080967402,0.056782334384858045,0.08937960042060988,0.39353312302839116,0.21268368136117555,0.4101204286819136,0.04065849077450005,0.11136890951276102,0.07965970610982212,0.09545906529665231,0.0320406584907745,0.14086841233012926,0.14363053806209258,0.03690199977902994,0.013479173571980996,0.05236990387802453,0.06695392774279085,0.5456855596066733,0.1440983606557377,0.3226229508196721,0.04475409836065574,0.13557377049180327,0.04819672131147541,0.06409836065573771,0.052295081967213115,0.13081967213114754,0.08918032786885247,0.03163934426229508,0.01918032786885246,0.04918032786885246,0.09672131147540984,0.38114754098360654
