GameID,FG/MP_Home_Starter,FGA/MP_Home_Starter,3P/MP_Home_Starter,3PA/MP_Home_Starter,FT/MP_Home_Starter,FTA/MP_Home_Starter,ORB/MP_Home_Starter,DRB/MP_Home_Starter,AST/MP_Home_Starter,STL/MP_Home_Starter,BLK/MP_Home_Starter,TOV/MP_Home_Starter,PF/MP_Home_Starter,PTS/MP_Home_Starter,FG/MP_Home_Other,FGA/MP_Home_Other,3P/MP_Home_Other,3PA/MP_Home_Other,FT/MP_Home_Other,FTA/MP_Home_Other,ORB/MP_Home_Other,DRB/MP_Home_Other,AST/MP_Home_Other,STL/MP_Home_Other,BLK/MP_Home_Other,TOV/MP_Home_Other,PF/MP_Home_Other,PTS/MP_Home_Other,FG/MP_Away_Starter,FGA/MP_Away_Starter,3P/MP_Away_Starter,3PA/MP_Away_Starter,FT/MP_Away_Starter,FTA/MP_Away_Starter,ORB/MP_Away_Starter,DRB/MP_Away_Starter,AST/MP_Away_Starter,STL/MP_Away_Starter,BLK/MP_Away_Starter,TOV/MP_Away_Starter,PF/MP_Away_Starter,PTS/MP_Away_Starter,FG/MP_Away_Other,FGA/MP_Away_Other,3P/MP_Away_Other,3PA/MP_Away_Other,FT/MP_Away_Other,FTA/MP_Away_Other,ORB/MP_Away_Other,DRB/MP_Away_Other,AST/MP_Away_Other,STL/MP_Away_Other,BLK/MP_Away_Other,TOV/MP_Away_Other,PF/MP_Away_Other,PTS/MP_Away_Other
PHX vs LAC 2020,0.2026897214217099,0.4388637299300123,0.06491011390146836,0.16385343762865376,0.11211746946617264,0.13366268697680803,0.04899135446685879,0.1778509674763277,0.10470701248799232,0.03691505420612049,0.023054755043227664,0.06504734458624949,0.09400301907506518,0.5824070262110608,0.1426213725759868,0.3388804841149773,0.058451382203273276,0.1580250309448494,0.07413010590015129,0.09159675422912941,0.033695502681886945,0.13808279466373263,0.10700041259799202,0.02118003025718608,0.012653005088708568,0.05570072892311924,0.089946362261037,0.41782423325539814,0.179111821872309,0.375076885225735,0.04342477549514085,0.11920285397957929,0.0986591216631812,0.11292901955960143,0.03678189199163489,0.12793701562307788,0.14466724074301882,0.03530569565752245,0.01673022511994095,0.07171853856562922,0.08352810923852873,0.50030754090294,0.14915693904020752,0.32668612191958496,0.04653047989623865,0.13505188067444876,0.05658236057068742,0.07360570687418937,0.045233463035019454,0.14737354085603113,0.09841115434500648,0.02821011673151751,0.014429312581063555,0.05252918287937743,0.10230220492866407,0.40142671854734113
