GameID,FG/MP_Home_Starter,FGA/MP_Home_Starter,3P/MP_Home_Starter,3PA/MP_Home_Starter,FT/MP_Home_Starter,FTA/MP_Home_Starter,ORB/MP_Home_Starter,DRB/MP_Home_Starter,AST/MP_Home_Starter,STL/MP_Home_Starter,BLK/MP_Home_Starter,TOV/MP_Home_Starter,PF/MP_Home_Starter,PTS/MP_Home_Starter,FG/MP_Home_Other,FGA/MP_Home_Other,3P/MP_Home_Other,3PA/MP_Home_Other,FT/MP_Home_Other,FTA/MP_Home_Other,ORB/MP_Home_Other,DRB/MP_Home_Other,AST/MP_Home_Other,STL/MP_Home_Other,BLK/MP_Home_Other,TOV/MP_Home_Other,PF/MP_Home_Other,PTS/MP_Home_Other,FG/MP_Away_Starter,FGA/MP_Away_Starter,3P/MP_Away_Starter,3PA/MP_Away_Starter,FT/MP_Away_Starter,FTA/MP_Away_Starter,ORB/MP_Away_Starter,DRB/MP_Away_Starter,AST/MP_Away_Starter,STL/MP_Away_Starter,BLK/MP_Away_Starter,TOV/MP_Away_Starter,PF/MP_Away_Starter,PTS/MP_Away_Starter,FG/MP_Away_Other,FGA/MP_Away_Other,3P/MP_Away_Other,3PA/MP_Away_Other,FT/MP_Away_Other,FTA/MP_Away_Other,ORB/MP_Away_Other,DRB/MP_Away_Other,AST/MP_Away_Other,STL/MP_Away_Other,BLK/MP_Away_Other,TOV/MP_Away_Other,PF/MP_Away_Other,PTS/MP_Away_Other
PHX vs LAC 2022,0.1973938223938224,0.4402750965250965,0.056105212355212354,0.15649131274131275,0.09025096525096525,0.11088320463320463,0.03788610038610039,0.14454633204633205,0.10424710424710425,0.02750965250965251,0.017374517374517374,0.06648166023166023,0.07927123552123552,0.5411438223938224,0.1612587640632643,0.35170389695092125,0.06342736018261862,0.16280776129137453,0.06522093592043046,0.07916191097342247,0.025273112669166802,0.1346812326756889,0.09905429642915375,0.03415946518832545,0.018506440567422143,0.04483939344529594,0.062285993804011085,0.4511658242295777,0.21268368136117555,0.4101204286819136,0.04065849077450005,0.11136890951276102,0.07965970610982212,0.09545906529665231,0.0320406584907745,0.14086841233012926,0.14363053806209258,0.03690199977902994,0.013479173571980996,0.05236990387802453,0.06695392774279085,0.5456855596066733,0.14196629958869578,0.3254610587767016,0.052540798726283665,0.15404006899296802,0.04802972004776436,0.06262438636062094,0.04444739286188139,0.1204723364733979,0.08650656759984078,0.029322011410375482,0.016717526867453893,0.04524346556985538,0.09048693113971076,0.38450311795143954
