GameID,FG/MP_Home_Starter,FGA/MP_Home_Starter,3P/MP_Home_Starter,3PA/MP_Home_Starter,FT/MP_Home_Starter,FTA/MP_Home_Starter,ORB/MP_Home_Starter,DRB/MP_Home_Starter,AST/MP_Home_Starter,STL/MP_Home_Starter,BLK/MP_Home_Starter,TOV/MP_Home_Starter,PF/MP_Home_Starter,PTS/MP_Home_Starter,FG/MP_Home_Other,FGA/MP_Home_Other,3P/MP_Home_Other,3PA/MP_Home_Other,FT/MP_Home_Other,FTA/MP_Home_Other,ORB/MP_Home_Other,DRB/MP_Home_Other,AST/MP_Home_Other,STL/MP_Home_Other,BLK/MP_Home_Other,TOV/MP_Home_Other,PF/MP_Home_Other,PTS/MP_Home_Other,FG/MP_Away_Starter,FGA/MP_Away_Starter,3P/MP_Away_Starter,3PA/MP_Away_Starter,FT/MP_Away_Starter,FTA/MP_Away_Starter,ORB/MP_Away_Starter,DRB/MP_Away_Starter,AST/MP_Away_Starter,STL/MP_Away_Starter,BLK/MP_Away_Starter,TOV/MP_Away_Starter,PF/MP_Away_Starter,PTS/MP_Away_Starter,FG/MP_Away_Other,FGA/MP_Away_Other,3P/MP_Away_Other,3PA/MP_Away_Other,FT/MP_Away_Other,FTA/MP_Away_Other,ORB/MP_Away_Other,DRB/MP_Away_Other,AST/MP_Away_Other,STL/MP_Away_Other,BLK/MP_Away_Other,TOV/MP_Away_Other,PF/MP_Away_Other,PTS/MP_Away_Other
PHX vs WAS 2020,0.15213704206241518,0.3164857530529172,0.031377204884667574,0.09311397557666215,0.07055630936227951,0.08904341926729986,0.048846675712347354,0.148236092265943,0.1012550881953867,0.03850067842605156,0.012890094979647219,0.05189959294436906,0.08700814111261873,0.4062075983717775,0.1366636931311329,0.29634255129348797,0.029973238180196253,0.09063336306868867,0.04906333630686887,0.07243532560214094,0.043710972346119537,0.13095450490633362,0.11436217662801071,0.03354148082069581,0.02247992863514719,0.05263157894736842,0.10883140053523639,0.35236396074933096,0.17894197515050594,0.37479185346483923,0.0434225694889202,0.11899577302420904,0.09773280389394133,0.11207890354809787,0.03714615089022672,0.1270654540796721,0.14589470987575254,0.035609068784424235,0.016779812988343794,0.07224285897271679,0.08223389266043295,0.49903932368387344,0.15105529391243677,0.32722832722832723,0.046746903889761035,0.13396127681841968,0.05686377114948544,0.0746555032269318,0.0474446188731903,0.14878772021629164,0.09645909645909646,0.027385313099598813,0.015000872143729287,0.05215419501133787,0.10273853130995989,0.40572126286412
