GameID,FG/MP_Home_Starter,FGA/MP_Home_Starter,3P/MP_Home_Starter,3PA/MP_Home_Starter,FT/MP_Home_Starter,FTA/MP_Home_Starter,ORB/MP_Home_Starter,DRB/MP_Home_Starter,AST/MP_Home_Starter,STL/MP_Home_Starter,BLK/MP_Home_Starter,TOV/MP_Home_Starter,PF/MP_Home_Starter,PTS/MP_Home_Starter,FG/MP_Home_Other,FGA/MP_Home_Other,3P/MP_Home_Other,3PA/MP_Home_Other,FT/MP_Home_Other,FTA/MP_Home_Other,ORB/MP_Home_Other,DRB/MP_Home_Other,AST/MP_Home_Other,STL/MP_Home_Other,BLK/MP_Home_Other,TOV/MP_Home_Other,PF/MP_Home_Other,PTS/MP_Home_Other,FG/MP_Away_Starter,FGA/MP_Away_Starter,3P/MP_Away_Starter,3PA/MP_Away_Starter,FT/MP_Away_Starter,FTA/MP_Away_Starter,ORB/MP_Away_Starter,DRB/MP_Away_Starter,AST/MP_Away_Starter,STL/MP_Away_Starter,BLK/MP_Away_Starter,TOV/MP_Away_Starter,PF/MP_Away_Starter,PTS/MP_Away_Starter,FG/MP_Away_Other,FGA/MP_Away_Other,3P/MP_Away_Other,3PA/MP_Away_Other,FT/MP_Away_Other,FTA/MP_Away_Other,ORB/MP_Away_Other,DRB/MP_Away_Other,AST/MP_Away_Other,STL/MP_Away_Other,BLK/MP_Away_Other,TOV/MP_Away_Other,PF/MP_Away_Other,PTS/MP_Away_Other
PHX vs WAS 2020,0.15213704206241518,0.3164857530529172,0.031377204884667574,0.09311397557666215,0.07055630936227951,0.08904341926729986,0.048846675712347354,0.148236092265943,0.1012550881953867,0.03850067842605156,0.012890094979647219,0.05189959294436906,0.08700814111261873,0.4062075983717775,0.11851851851851852,0.18518518518518517,0.0,0.014814814814814815,0.022222222222222223,0.037037037037037035,0.1111111111111111,0.2074074074074074,0.044444444444444446,0.007407407407407408,0.044444444444444446,0.02962962962962963,0.08148148148148149,0.25925925925925924,0.17894197515050594,0.37479185346483923,0.0434225694889202,0.11899577302420904,0.09773280389394133,0.11207890354809787,0.03714615089022672,0.1270654540796721,0.14589470987575254,0.035609068784424235,0.016779812988343794,0.07224285897271679,0.08223389266043295,0.49903932368387344,0.15058986814712005,0.32616238723108953,0.05065926439972242,0.14850798056904926,0.054823039555863984,0.0659264399722415,0.06176266481609993,0.17765440666204024,0.07564191533657183,0.02359472588480222,0.010409437890353921,0.04996530187369882,0.0916030534351145,0.4066620402498265
