GameID,FG/MP_Home_Starter,FGA/MP_Home_Starter,3P/MP_Home_Starter,3PA/MP_Home_Starter,FT/MP_Home_Starter,FTA/MP_Home_Starter,ORB/MP_Home_Starter,DRB/MP_Home_Starter,AST/MP_Home_Starter,STL/MP_Home_Starter,BLK/MP_Home_Starter,TOV/MP_Home_Starter,PF/MP_Home_Starter,PTS/MP_Home_Starter,FG/MP_Home_Other,FGA/MP_Home_Other,3P/MP_Home_Other,3PA/MP_Home_Other,FT/MP_Home_Other,FTA/MP_Home_Other,ORB/MP_Home_Other,DRB/MP_Home_Other,AST/MP_Home_Other,STL/MP_Home_Other,BLK/MP_Home_Other,TOV/MP_Home_Other,PF/MP_Home_Other,PTS/MP_Home_Other,FG/MP_Away_Starter,FGA/MP_Away_Starter,3P/MP_Away_Starter,3PA/MP_Away_Starter,FT/MP_Away_Starter,FTA/MP_Away_Starter,ORB/MP_Away_Starter,DRB/MP_Away_Starter,AST/MP_Away_Starter,STL/MP_Away_Starter,BLK/MP_Away_Starter,TOV/MP_Away_Starter,PF/MP_Away_Starter,PTS/MP_Away_Starter,FG/MP_Away_Other,FGA/MP_Away_Other,3P/MP_Away_Other,3PA/MP_Away_Other,FT/MP_Away_Other,FTA/MP_Away_Other,ORB/MP_Away_Other,DRB/MP_Away_Other,AST/MP_Away_Other,STL/MP_Away_Other,BLK/MP_Away_Other,TOV/MP_Away_Other,PF/MP_Away_Other,PTS/MP_Away_Other
POR vs LAL 2022,0.22109358115409553,0.469958936676032,0.04830343635184785,0.14890858007348173,0.09790360925005404,0.1361573373676248,0.03879403501188675,0.16155176140047547,0.15571644694186298,0.03328290468986384,0.02593473092716663,0.07748000864491031,0.07834449967581586,0.5883942079100929,0.14125077017868146,0.2841959334565619,0.041281577325939615,0.11768330252618607,0.051447935921133704,0.0688539741219963,0.03804682686383241,0.1304682686383241,0.0822550831792976,0.030191004313000615,0.01756007393715342,0.044516327788046824,0.0878003696857671,0.3752310536044362,0.19468910214276325,0.4228999605626397,0.059156040489023266,0.16419087682397793,0.10832128302878927,0.13605889312475353,0.03891152885500197,0.15420007887472065,0.12159852767188116,0.0281319836992244,0.014854739056132509,0.07098724858682792,0.07795451557775733,0.556855527803339,0.15036803364879076,0.3194006309148265,0.027602523659305992,0.09016824395373291,0.06519453207150368,0.08964248159831756,0.06887486855941115,0.16798107255520506,0.07860147213459516,0.03128286014721346,0.029705573080967402,0.056782334384858045,0.08937960042060988,0.39353312302839116
