GameID,FG/MP_Home_Starter,FGA/MP_Home_Starter,3P/MP_Home_Starter,3PA/MP_Home_Starter,FT/MP_Home_Starter,FTA/MP_Home_Starter,ORB/MP_Home_Starter,DRB/MP_Home_Starter,AST/MP_Home_Starter,STL/MP_Home_Starter,BLK/MP_Home_Starter,TOV/MP_Home_Starter,PF/MP_Home_Starter,PTS/MP_Home_Starter,FG/MP_Home_Other,FGA/MP_Home_Other,3P/MP_Home_Other,3PA/MP_Home_Other,FT/MP_Home_Other,FTA/MP_Home_Other,ORB/MP_Home_Other,DRB/MP_Home_Other,AST/MP_Home_Other,STL/MP_Home_Other,BLK/MP_Home_Other,TOV/MP_Home_Other,PF/MP_Home_Other,PTS/MP_Home_Other,FG/MP_Away_Starter,FGA/MP_Away_Starter,3P/MP_Away_Starter,3PA/MP_Away_Starter,FT/MP_Away_Starter,FTA/MP_Away_Starter,ORB/MP_Away_Starter,DRB/MP_Away_Starter,AST/MP_Away_Starter,STL/MP_Away_Starter,BLK/MP_Away_Starter,TOV/MP_Away_Starter,PF/MP_Away_Starter,PTS/MP_Away_Starter,FG/MP_Away_Other,FGA/MP_Away_Other,3P/MP_Away_Other,3PA/MP_Away_Other,FT/MP_Away_Other,FTA/MP_Away_Other,ORB/MP_Away_Other,DRB/MP_Away_Other,AST/MP_Away_Other,STL/MP_Away_Other,BLK/MP_Away_Other,TOV/MP_Away_Other,PF/MP_Away_Other,PTS/MP_Away_Other
POR vs SAC 2022,0.1867287291621563,0.38190084433860144,0.0458973803853648,0.12675903875297684,0.097207187702966,0.1251353106733059,0.03799523706429963,0.14710976401818576,0.11431045680883307,0.025871400736090063,0.010716605325828101,0.062459406798008224,0.07350075773977051,0.5165620264126435,0.17116085372201978,0.3661634565330557,0.047787610619469026,0.14128058302967206,0.060072878709005725,0.07850078084331077,0.038417490890161374,0.14513274336283186,0.09120249869859448,0.026652785007808433,0.021134825611660593,0.05351379489849037,0.0866215512753774,0.4501821967725143,0.19468910214276325,0.4228999605626397,0.059156040489023266,0.16419087682397793,0.10832128302878927,0.13605889312475353,0.03891152885500197,0.15420007887472065,0.12159852767188116,0.0281319836992244,0.014854739056132509,0.07098724858682792,0.07795451557775733,0.556855527803339,0.15036803364879076,0.3194006309148265,0.027602523659305992,0.09016824395373291,0.06519453207150368,0.08964248159831756,0.06887486855941115,0.16798107255520506,0.07860147213459516,0.03128286014721346,0.029705573080967402,0.056782334384858045,0.08937960042060988,0.39353312302839116
