GameID,FG/MP_Home_Starter,FGA/MP_Home_Starter,3P/MP_Home_Starter,3PA/MP_Home_Starter,FT/MP_Home_Starter,FTA/MP_Home_Starter,ORB/MP_Home_Starter,DRB/MP_Home_Starter,AST/MP_Home_Starter,STL/MP_Home_Starter,BLK/MP_Home_Starter,TOV/MP_Home_Starter,PF/MP_Home_Starter,PTS/MP_Home_Starter,FG/MP_Home_Other,FGA/MP_Home_Other,3P/MP_Home_Other,3PA/MP_Home_Other,FT/MP_Home_Other,FTA/MP_Home_Other,ORB/MP_Home_Other,DRB/MP_Home_Other,AST/MP_Home_Other,STL/MP_Home_Other,BLK/MP_Home_Other,TOV/MP_Home_Other,PF/MP_Home_Other,PTS/MP_Home_Other,FG/MP_Away_Starter,FGA/MP_Away_Starter,3P/MP_Away_Starter,3PA/MP_Away_Starter,FT/MP_Away_Starter,FTA/MP_Away_Starter,ORB/MP_Away_Starter,DRB/MP_Away_Starter,AST/MP_Away_Starter,STL/MP_Away_Starter,BLK/MP_Away_Starter,TOV/MP_Away_Starter,PF/MP_Away_Starter,PTS/MP_Away_Starter,FG/MP_Away_Other,FGA/MP_Away_Other,3P/MP_Away_Other,3PA/MP_Away_Other,FT/MP_Away_Other,FTA/MP_Away_Other,ORB/MP_Away_Other,DRB/MP_Away_Other,AST/MP_Away_Other,STL/MP_Away_Other,BLK/MP_Away_Other,TOV/MP_Away_Other,PF/MP_Away_Other,PTS/MP_Away_Other
SAC vs GSW 2022,0.18719269491922266,0.402364785764458,0.06696324045890892,0.17560290330133457,0.07082650433153828,0.09365488176071178,0.045305549051744325,0.15570124092718332,0.1332240693046125,0.03371575743385624,0.022594240224771717,0.06626082884570358,0.08112854132521657,0.5121751346288925,0.17966295344187375,0.3901742359325907,0.05998286203941731,0.1740931162524993,0.08697514995715509,0.10768351899457299,0.04013139103113396,0.13853184804341617,0.08483290488431877,0.028563267637817767,0.017852042273636105,0.06612396458154812,0.106112539274493,0.5062839188803199,0.1867287291621563,0.38190084433860144,0.0458973803853648,0.12675903875297684,0.097207187702966,0.1251353106733059,0.03799523706429963,0.14710976401818576,0.11431045680883307,0.025871400736090063,0.010716605325828101,0.062459406798008224,0.07350075773977051,0.5165620264126435,0.17116085372201978,0.3661634565330557,0.047787610619469026,0.14128058302967206,0.060072878709005725,0.07850078084331077,0.038417490890161374,0.14513274336283186,0.09120249869859448,0.026652785007808433,0.021134825611660593,0.05351379489849037,0.0866215512753774,0.4501821967725143
