GameID,FG/MP_Home_Starter,FGA/MP_Home_Starter,3P/MP_Home_Starter,3PA/MP_Home_Starter,FT/MP_Home_Starter,FTA/MP_Home_Starter,ORB/MP_Home_Starter,DRB/MP_Home_Starter,AST/MP_Home_Starter,STL/MP_Home_Starter,BLK/MP_Home_Starter,TOV/MP_Home_Starter,PF/MP_Home_Starter,PTS/MP_Home_Starter,FG/MP_Home_Other,FGA/MP_Home_Other,3P/MP_Home_Other,3PA/MP_Home_Other,FT/MP_Home_Other,FTA/MP_Home_Other,ORB/MP_Home_Other,DRB/MP_Home_Other,AST/MP_Home_Other,STL/MP_Home_Other,BLK/MP_Home_Other,TOV/MP_Home_Other,PF/MP_Home_Other,PTS/MP_Home_Other,FG/MP_Away_Starter,FGA/MP_Away_Starter,3P/MP_Away_Starter,3PA/MP_Away_Starter,FT/MP_Away_Starter,FTA/MP_Away_Starter,ORB/MP_Away_Starter,DRB/MP_Away_Starter,AST/MP_Away_Starter,STL/MP_Away_Starter,BLK/MP_Away_Starter,TOV/MP_Away_Starter,PF/MP_Away_Starter,PTS/MP_Away_Starter,FG/MP_Away_Other,FGA/MP_Away_Other,3P/MP_Away_Other,3PA/MP_Away_Other,FT/MP_Away_Other,FTA/MP_Away_Other,ORB/MP_Away_Other,DRB/MP_Away_Other,AST/MP_Away_Other,STL/MP_Away_Other,BLK/MP_Away_Other,TOV/MP_Away_Other,PF/MP_Away_Other,PTS/MP_Away_Other
SAC vs BRK 2020,0.16537180910099888,0.3551609322974473,0.053135405105438405,0.14400665926748057,0.0603496115427303,0.08740288568257491,0.049944506104328525,0.1452552719200888,0.08171476137624861,0.026775804661487237,0.01983906770255272,0.052580466148723644,0.07699778024417314,0.4442286348501665,0.12833128331283314,0.32636326363263635,0.05166051660516605,0.16400164001640016,0.06396063960639606,0.08077080770807708,0.03403034030340303,0.10824108241082411,0.09020090200902009,0.027470274702747027,0.011480114801148012,0.05289052890528905,0.0979909799097991,0.3722837228372284,0.17776757005052826,0.3679375287092329,0.04937988056959118,0.13137344970142398,0.07694074414331649,0.10151584749655489,0.0409967845659164,0.13056959118052366,0.10289389067524116,0.03112080845199816,0.01619200734956362,0.05397335783187873,0.0840606338998622,0.4818557648139642,0.17557358701734752,0.3813654168998321,0.053861219921656406,0.15193060996082822,0.05400111919418019,0.06994963626189143,0.04434806939003917,0.13514269725797426,0.09904868494683827,0.03455512031337437,0.017347509792949075,0.059457190822607725,0.09820928931169558,0.4590095131505316
