GameID,FG/MP_Home_Starter,FGA/MP_Home_Starter,3P/MP_Home_Starter,3PA/MP_Home_Starter,FT/MP_Home_Starter,FTA/MP_Home_Starter,ORB/MP_Home_Starter,DRB/MP_Home_Starter,AST/MP_Home_Starter,STL/MP_Home_Starter,BLK/MP_Home_Starter,TOV/MP_Home_Starter,PF/MP_Home_Starter,PTS/MP_Home_Starter,FG/MP_Home_Other,FGA/MP_Home_Other,3P/MP_Home_Other,3PA/MP_Home_Other,FT/MP_Home_Other,FTA/MP_Home_Other,ORB/MP_Home_Other,DRB/MP_Home_Other,AST/MP_Home_Other,STL/MP_Home_Other,BLK/MP_Home_Other,TOV/MP_Home_Other,PF/MP_Home_Other,PTS/MP_Home_Other,FG/MP_Away_Starter,FGA/MP_Away_Starter,3P/MP_Away_Starter,3PA/MP_Away_Starter,FT/MP_Away_Starter,FTA/MP_Away_Starter,ORB/MP_Away_Starter,DRB/MP_Away_Starter,AST/MP_Away_Starter,STL/MP_Away_Starter,BLK/MP_Away_Starter,TOV/MP_Away_Starter,PF/MP_Away_Starter,PTS/MP_Away_Starter,FG/MP_Away_Other,FGA/MP_Away_Other,3P/MP_Away_Other,3PA/MP_Away_Other,FT/MP_Away_Other,FTA/MP_Away_Other,ORB/MP_Away_Other,DRB/MP_Away_Other,AST/MP_Away_Other,STL/MP_Away_Other,BLK/MP_Away_Other,TOV/MP_Away_Other,PF/MP_Away_Other,PTS/MP_Away_Other
SAC vs SAS 2020,0.1813594538438706,0.3624220837043633,0.018996734936182844,0.05209260908281389,0.09453843870584744,0.11828435737607598,0.0385871178391214,0.1539032353814188,0.1381715642623924,0.038438705847432475,0.027010982487384982,0.060255268625704954,0.08771148708815672,0.47625408132977143,0.16340668296658517,0.36552567237163813,0.04808475957620212,0.14180929095354522,0.06764466177669112,0.08190709046454768,0.03830480847595762,0.17114914425427874,0.07579462102689487,0.018337408312958436,0.01752241238793806,0.04726976365118175,0.07497962510187449,0.44254278728606355,0.1761370639714039,0.3657093553556021,0.049550104770122026,0.13201035375323555,0.07728337236533958,0.1020584247504006,0.04104523604092198,0.13090102304942686,0.10390730925674843,0.03069148280537409,0.01663996055713053,0.05558979415752496,0.08270676691729323,0.47910760507826944,0.16210165920463523,0.3718725309454833,0.05701869897287332,0.15920463523834608,0.05530682117461153,0.06952857519094022,0.03120884909138794,0.12997102976033711,0.09309981564392941,0.03752962865420068,0.01540690018435607,0.05767711351066632,0.09757703450092178,0.43652883855675534
