GameID,FG/MP_Home_Starter,FGA/MP_Home_Starter,3P/MP_Home_Starter,3PA/MP_Home_Starter,FT/MP_Home_Starter,FTA/MP_Home_Starter,ORB/MP_Home_Starter,DRB/MP_Home_Starter,AST/MP_Home_Starter,STL/MP_Home_Starter,BLK/MP_Home_Starter,TOV/MP_Home_Starter,PF/MP_Home_Starter,PTS/MP_Home_Starter,FG/MP_Home_Other,FGA/MP_Home_Other,3P/MP_Home_Other,3PA/MP_Home_Other,FT/MP_Home_Other,FTA/MP_Home_Other,ORB/MP_Home_Other,DRB/MP_Home_Other,AST/MP_Home_Other,STL/MP_Home_Other,BLK/MP_Home_Other,TOV/MP_Home_Other,PF/MP_Home_Other,PTS/MP_Home_Other,FG/MP_Away_Starter,FGA/MP_Away_Starter,3P/MP_Away_Starter,3PA/MP_Away_Starter,FT/MP_Away_Starter,FTA/MP_Away_Starter,ORB/MP_Away_Starter,DRB/MP_Away_Starter,AST/MP_Away_Starter,STL/MP_Away_Starter,BLK/MP_Away_Starter,TOV/MP_Away_Starter,PF/MP_Away_Starter,PTS/MP_Away_Starter,FG/MP_Away_Other,FGA/MP_Away_Other,3P/MP_Away_Other,3PA/MP_Away_Other,FT/MP_Away_Other,FTA/MP_Away_Other,ORB/MP_Away_Other,DRB/MP_Away_Other,AST/MP_Away_Other,STL/MP_Away_Other,BLK/MP_Away_Other,TOV/MP_Away_Other,PF/MP_Away_Other,PTS/MP_Away_Other
SAC vs LAL 2020,0.19545745361484326,0.4013115802943058,0.056461932181701854,0.1556301983365323,0.06605886116442738,0.09484964811260396,0.04398592450415867,0.17018554062699937,0.1409149072296865,0.036468330134357005,0.028630838131797825,0.07213691618682022,0.08701215611004479,0.5134357005758158,0.14631043256997456,0.2684478371501272,0.02586938083121289,0.07336726039016116,0.056827820186598814,0.10305343511450382,0.07972858354537744,0.18447837150127228,0.054707379134860054,0.02714164546225615,0.037743850720949955,0.05767599660729432,0.12934690415606445,0.3753180661577608,0.15116672303009807,0.3267951752902717,0.052192537481681886,0.13820313380678614,0.05534888964040131,0.07135610415962124,0.039905309435238415,0.12997407282155338,0.09536692593845113,0.026941720211926503,0.015105399616728667,0.047119828655168526,0.07868335024236275,0.40987487318227933,0.1993309720582448,0.43860684769775676,0.0674931129476584,0.187918142463597,0.05804801259346714,0.07378984651711924,0.03876426603699331,0.13518299881936247,0.09110586383313656,0.0367965367965368,0.014167650531286895,0.06395120031483668,0.10035419126328217,0.5242030696576151
