GameID,FG/MP_Home_Starter,FGA/MP_Home_Starter,3P/MP_Home_Starter,3PA/MP_Home_Starter,FT/MP_Home_Starter,FTA/MP_Home_Starter,ORB/MP_Home_Starter,DRB/MP_Home_Starter,AST/MP_Home_Starter,STL/MP_Home_Starter,BLK/MP_Home_Starter,TOV/MP_Home_Starter,PF/MP_Home_Starter,PTS/MP_Home_Starter,FG/MP_Home_Other,FGA/MP_Home_Other,3P/MP_Home_Other,3PA/MP_Home_Other,FT/MP_Home_Other,FTA/MP_Home_Other,ORB/MP_Home_Other,DRB/MP_Home_Other,AST/MP_Home_Other,STL/MP_Home_Other,BLK/MP_Home_Other,TOV/MP_Home_Other,PF/MP_Home_Other,PTS/MP_Home_Other,FG/MP_Away_Starter,FGA/MP_Away_Starter,3P/MP_Away_Starter,3PA/MP_Away_Starter,FT/MP_Away_Starter,FTA/MP_Away_Starter,ORB/MP_Away_Starter,DRB/MP_Away_Starter,AST/MP_Away_Starter,STL/MP_Away_Starter,BLK/MP_Away_Starter,TOV/MP_Away_Starter,PF/MP_Away_Starter,PTS/MP_Away_Starter,FG/MP_Away_Other,FGA/MP_Away_Other,3P/MP_Away_Other,3PA/MP_Away_Other,FT/MP_Away_Other,FTA/MP_Away_Other,ORB/MP_Away_Other,DRB/MP_Away_Other,AST/MP_Away_Other,STL/MP_Away_Other,BLK/MP_Away_Other,TOV/MP_Away_Other,PF/MP_Away_Other,PTS/MP_Away_Other
SAS vs PHI 2022,0.18973927670311186,0.40126156433978133,0.04659377628259041,0.12413793103448276,0.13052985702270817,0.15542472666105972,0.03397813288477712,0.16947014297729185,0.14070647603027756,0.026829268292682926,0.01892346509671993,0.06459209419680403,0.06854499579478554,0.5566021867115223,0.14737452857557296,0.3171840247558263,0.04931824775166812,0.1396383328498211,0.05483028720626632,0.072236727589208,0.03810076394932792,0.11981433130258196,0.08142346001353834,0.03800406150275602,0.021564645585533313,0.04032492022048158,0.08490474809012669,0.3988975921090804,0.18436954478313414,0.37290183966698,0.041224654223177115,0.11158855915133611,0.05706996105814422,0.08244930844635423,0.05572713844501141,0.15267893111319994,0.09614609910030884,0.029676379750234995,0.024170807036390494,0.040956089700550556,0.07801799382301598,0.46703370484758966,0.1450381679389313,0.31529443838604143,0.05248091603053435,0.13454198473282442,0.05425299890948746,0.07197382769901854,0.04593784078516903,0.12350054525627045,0.06652126499454744,0.02699018538713195,0.02153762268266085,0.045665212649945476,0.0831515812431843,0.3968102508178844
