GameID,FG/MP_Home_Starter,FGA/MP_Home_Starter,3P/MP_Home_Starter,3PA/MP_Home_Starter,FT/MP_Home_Starter,FTA/MP_Home_Starter,ORB/MP_Home_Starter,DRB/MP_Home_Starter,AST/MP_Home_Starter,STL/MP_Home_Starter,BLK/MP_Home_Starter,TOV/MP_Home_Starter,PF/MP_Home_Starter,PTS/MP_Home_Starter,FG/MP_Home_Other,FGA/MP_Home_Other,3P/MP_Home_Other,3PA/MP_Home_Other,FT/MP_Home_Other,FTA/MP_Home_Other,ORB/MP_Home_Other,DRB/MP_Home_Other,AST/MP_Home_Other,STL/MP_Home_Other,BLK/MP_Home_Other,TOV/MP_Home_Other,PF/MP_Home_Other,PTS/MP_Home_Other,FG/MP_Away_Starter,FGA/MP_Away_Starter,3P/MP_Away_Starter,3PA/MP_Away_Starter,FT/MP_Away_Starter,FTA/MP_Away_Starter,ORB/MP_Away_Starter,DRB/MP_Away_Starter,AST/MP_Away_Starter,STL/MP_Away_Starter,BLK/MP_Away_Starter,TOV/MP_Away_Starter,PF/MP_Away_Starter,PTS/MP_Away_Starter,FG/MP_Away_Other,FGA/MP_Away_Other,3P/MP_Away_Other,3PA/MP_Away_Other,FT/MP_Away_Other,FTA/MP_Away_Other,ORB/MP_Away_Other,DRB/MP_Away_Other,AST/MP_Away_Other,STL/MP_Away_Other,BLK/MP_Away_Other,TOV/MP_Away_Other,PF/MP_Away_Other,PTS/MP_Away_Other
SAS vs IND 2022,0.17375208980176737,0.38189634583233817,0.0679484117506568,0.18151421065201814,0.056723190828755675,0.06950083592070695,0.043467876761404345,0.120014330069262,0.12371626462861238,0.03486983520420349,0.01588249343205159,0.06054454263195606,0.06651540482445666,0.4721757821829472,0.14682917539516283,0.31632070081889163,0.03332698533612645,0.10778899257284327,0.05846505427537612,0.08569796229289658,0.06341649209674348,0.14187773757379546,0.07998476480670348,0.03218434583888783,0.03275566558750714,0.047229099219196345,0.11426394972386213,0.3854503904018282,0.18436954478313414,0.37290183966698,0.041224654223177115,0.11158855915133611,0.05706996105814422,0.08244930844635423,0.05572713844501141,0.15267893111319994,0.09614609910030884,0.029676379750234995,0.024170807036390494,0.040956089700550556,0.07801799382301598,0.46703370484758966,0.1450381679389313,0.31529443838604143,0.05248091603053435,0.13454198473282442,0.05425299890948746,0.07197382769901854,0.04593784078516903,0.12350054525627045,0.06652126499454744,0.02699018538713195,0.02153762268266085,0.045665212649945476,0.0831515812431843,0.3968102508178844
