GameID,FG/MP_Home_Starter,FGA/MP_Home_Starter,3P/MP_Home_Starter,3PA/MP_Home_Starter,FT/MP_Home_Starter,FTA/MP_Home_Starter,ORB/MP_Home_Starter,DRB/MP_Home_Starter,AST/MP_Home_Starter,STL/MP_Home_Starter,BLK/MP_Home_Starter,TOV/MP_Home_Starter,PF/MP_Home_Starter,PTS/MP_Home_Starter,FG/MP_Home_Other,FGA/MP_Home_Other,3P/MP_Home_Other,3PA/MP_Home_Other,FT/MP_Home_Other,FTA/MP_Home_Other,ORB/MP_Home_Other,DRB/MP_Home_Other,AST/MP_Home_Other,STL/MP_Home_Other,BLK/MP_Home_Other,TOV/MP_Home_Other,PF/MP_Home_Other,PTS/MP_Home_Other,FG/MP_Away_Starter,FGA/MP_Away_Starter,3P/MP_Away_Starter,3PA/MP_Away_Starter,FT/MP_Away_Starter,FTA/MP_Away_Starter,ORB/MP_Away_Starter,DRB/MP_Away_Starter,AST/MP_Away_Starter,STL/MP_Away_Starter,BLK/MP_Away_Starter,TOV/MP_Away_Starter,PF/MP_Away_Starter,PTS/MP_Away_Starter,FG/MP_Away_Other,FGA/MP_Away_Other,3P/MP_Away_Other,3PA/MP_Away_Other,FT/MP_Away_Other,FTA/MP_Away_Other,ORB/MP_Away_Other,DRB/MP_Away_Other,AST/MP_Away_Other,STL/MP_Away_Other,BLK/MP_Away_Other,TOV/MP_Away_Other,PF/MP_Away_Other,PTS/MP_Away_Other
TOR vs MIA 2020,0.16730116267105669,0.3560037040847824,0.05391501183249305,0.1443564152690606,0.09116164214425353,0.11554686696162157,0.03539458792056796,0.14970675995472785,0.11657577940117296,0.03364543677333059,0.016565490276777447,0.05504681551599959,0.07161230579277704,0.47967897931885994,0.1399480934318227,0.2996606109003793,0.055699740467159115,0.1461369534837293,0.04931123976841685,0.06268716310640847,0.029746456378518665,0.16969454981034138,0.06687961668995808,0.028748253144340187,0.018566580155719704,0.04451986424436015,0.0934318227191056,0.3849071670992214,0.1694321103061463,0.3815143725169432,0.06368310352886189,0.17025005842486562,0.08424865622809068,0.10317831268988081,0.024772143024071044,0.14325777050712785,0.1347277401261977,0.039261509698527694,0.018929656461790137,0.061112409441458286,0.0830801589156345,0.48679598036924515,0.18314606741573033,0.37715355805243445,0.0550561797752809,0.14157303370786517,0.06610486891385768,0.0850187265917603,0.054119850187265915,0.1597378277153558,0.07153558052434457,0.03220973782771536,0.01853932584269663,0.05730337078651685,0.09419475655430712,0.48745318352059924
