GameID,FG/MP_Home_Starter,FGA/MP_Home_Starter,3P/MP_Home_Starter,3PA/MP_Home_Starter,FT/MP_Home_Starter,FTA/MP_Home_Starter,ORB/MP_Home_Starter,DRB/MP_Home_Starter,AST/MP_Home_Starter,STL/MP_Home_Starter,BLK/MP_Home_Starter,TOV/MP_Home_Starter,PF/MP_Home_Starter,PTS/MP_Home_Starter,FG/MP_Home_Other,FGA/MP_Home_Other,3P/MP_Home_Other,3PA/MP_Home_Other,FT/MP_Home_Other,FTA/MP_Home_Other,ORB/MP_Home_Other,DRB/MP_Home_Other,AST/MP_Home_Other,STL/MP_Home_Other,BLK/MP_Home_Other,TOV/MP_Home_Other,PF/MP_Home_Other,PTS/MP_Home_Other,FG/MP_Away_Starter,FGA/MP_Away_Starter,3P/MP_Away_Starter,3PA/MP_Away_Starter,FT/MP_Away_Starter,FTA/MP_Away_Starter,ORB/MP_Away_Starter,DRB/MP_Away_Starter,AST/MP_Away_Starter,STL/MP_Away_Starter,BLK/MP_Away_Starter,TOV/MP_Away_Starter,PF/MP_Away_Starter,PTS/MP_Away_Starter,FG/MP_Away_Other,FGA/MP_Away_Other,3P/MP_Away_Other,3PA/MP_Away_Other,FT/MP_Away_Other,FTA/MP_Away_Other,ORB/MP_Away_Other,DRB/MP_Away_Other,AST/MP_Away_Other,STL/MP_Away_Other,BLK/MP_Away_Other,TOV/MP_Away_Other,PF/MP_Away_Other,PTS/MP_Away_Other
TOR vs BKN 2022,0.18737343656938654,0.35997617629541395,0.04014294222751638,0.10184633710541989,0.09112567004169149,0.11602144133412745,0.03490172721858249,0.1536628945801072,0.13734365693865397,0.034782608695652174,0.02227516378796903,0.06599166170339488,0.07837998808814771,0.5060154854079809,0.15186949617439008,0.34228381694817384,0.06351956113757759,0.17020355132091813,0.0404215389057312,0.052259275299552474,0.03132669265194168,0.10379673740435975,0.060054857802800635,0.0259852750108272,0.013425725422260719,0.04417496751840624,0.07405803378085751,0.4076800923920889,0.19065325783824896,0.42415279303642356,0.05907208653764895,0.16183554466322994,0.0759739710977774,0.0961717231471309,0.03946590044789994,0.11949632384010818,0.11121440040564523,0.03963491929350123,0.01487365841291304,0.05408603059241105,0.0721710470717485,0.5163525733119243,0.13447810148562608,0.2996334169399961,0.024503183484468456,0.07640362724290951,0.03974532124252363,0.06366968936909126,0.08508585761142196,0.14586147019100906,0.08334941153771946,0.035114798379317,0.020065599073895428,0.047076982442600813,0.0937680879799344,0.3332047076982443
