GameID,FG/MP_Home_Starter,FGA/MP_Home_Starter,3P/MP_Home_Starter,3PA/MP_Home_Starter,FT/MP_Home_Starter,FTA/MP_Home_Starter,ORB/MP_Home_Starter,DRB/MP_Home_Starter,AST/MP_Home_Starter,STL/MP_Home_Starter,BLK/MP_Home_Starter,TOV/MP_Home_Starter,PF/MP_Home_Starter,PTS/MP_Home_Starter,FG/MP_Home_Other,FGA/MP_Home_Other,3P/MP_Home_Other,3PA/MP_Home_Other,FT/MP_Home_Other,FTA/MP_Home_Other,ORB/MP_Home_Other,DRB/MP_Home_Other,AST/MP_Home_Other,STL/MP_Home_Other,BLK/MP_Home_Other,TOV/MP_Home_Other,PF/MP_Home_Other,PTS/MP_Home_Other,FG/MP_Away_Starter,FGA/MP_Away_Starter,3P/MP_Away_Starter,3PA/MP_Away_Starter,FT/MP_Away_Starter,FTA/MP_Away_Starter,ORB/MP_Away_Starter,DRB/MP_Away_Starter,AST/MP_Away_Starter,STL/MP_Away_Starter,BLK/MP_Away_Starter,TOV/MP_Away_Starter,PF/MP_Away_Starter,PTS/MP_Away_Starter,FG/MP_Away_Other,FGA/MP_Away_Other,3P/MP_Away_Other,3PA/MP_Away_Other,FT/MP_Away_Other,FTA/MP_Away_Other,ORB/MP_Away_Other,DRB/MP_Away_Other,AST/MP_Away_Other,STL/MP_Away_Other,BLK/MP_Away_Other,TOV/MP_Away_Other,PF/MP_Away_Other,PTS/MP_Away_Other
TOR vs PHI 2020,0.19640270400772575,0.4256397875422501,0.05021728633510381,0.1405118300338001,0.08824239497827137,0.10997102848865282,0.04369869628198938,0.16863833896668276,0.10731530661516175,0.02619507484307098,0.024505070014485757,0.05709802028005794,0.08268952197006277,0.5312650893288267,0.13448578962789334,0.30061529446234986,0.0558159976560211,0.1473776736009376,0.035452680925871664,0.04717257544682098,0.03896864928215646,0.10753003222970993,0.06401992382068561,0.034280691473776735,0.020216818048637564,0.03896864928215646,0.08159976560210958,0.36024025783767943,0.17858801672085461,0.4053646075243846,0.06908964235949837,0.1854389224338133,0.09869948908499768,0.11855550394797956,0.019159312587087786,0.139921040408732,0.1408499767765908,0.03843474222015792,0.017533673943334882,0.06653506734788667,0.08244310264746865,0.5249651648862053,0.15203252032520326,0.33143631436314364,0.048238482384823846,0.13333333333333333,0.06964769647696477,0.0913279132791328,0.07371273712737128,0.16097560975609757,0.07533875338753387,0.033062330623306234,0.026558265582655827,0.04932249322493225,0.1075880758807588,0.4219512195121951
