GameID,FG/MP_Home_Starter,FGA/MP_Home_Starter,3P/MP_Home_Starter,3PA/MP_Home_Starter,FT/MP_Home_Starter,FTA/MP_Home_Starter,ORB/MP_Home_Starter,DRB/MP_Home_Starter,AST/MP_Home_Starter,STL/MP_Home_Starter,BLK/MP_Home_Starter,TOV/MP_Home_Starter,PF/MP_Home_Starter,PTS/MP_Home_Starter,FG/MP_Home_Other,FGA/MP_Home_Other,3P/MP_Home_Other,3PA/MP_Home_Other,FT/MP_Home_Other,FTA/MP_Home_Other,ORB/MP_Home_Other,DRB/MP_Home_Other,AST/MP_Home_Other,STL/MP_Home_Other,BLK/MP_Home_Other,TOV/MP_Home_Other,PF/MP_Home_Other,PTS/MP_Home_Other,FG/MP_Away_Starter,FGA/MP_Away_Starter,3P/MP_Away_Starter,3PA/MP_Away_Starter,FT/MP_Away_Starter,FTA/MP_Away_Starter,ORB/MP_Away_Starter,DRB/MP_Away_Starter,AST/MP_Away_Starter,STL/MP_Away_Starter,BLK/MP_Away_Starter,TOV/MP_Away_Starter,PF/MP_Away_Starter,PTS/MP_Away_Starter,FG/MP_Away_Other,FGA/MP_Away_Other,3P/MP_Away_Other,3PA/MP_Away_Other,FT/MP_Away_Other,FTA/MP_Away_Other,ORB/MP_Away_Other,DRB/MP_Away_Other,AST/MP_Away_Other,STL/MP_Away_Other,BLK/MP_Away_Other,TOV/MP_Away_Other,PF/MP_Away_Other,PTS/MP_Away_Other
TOR vs MIA 2022,0.1900764980875478,0.3949213769655759,0.043561410964725884,0.11665958351041224,0.11272843178920527,0.1361028474288143,0.03973650658733532,0.14524011899702507,0.1384402889927752,0.03644283892902678,0.013387165320866978,0.07044198895027624,0.06746706332341691,0.5364428389290268,0.1450229709035222,0.332312404287902,0.08591117917304747,0.22480857580398161,0.0332312404287902,0.04226646248085758,0.028943338437978562,0.11929555895865238,0.07473200612557428,0.02434915773353752,0.013476263399693721,0.044869831546707505,0.10367534456355283,0.4091883614088821,0.19065325783824896,0.42415279303642356,0.05907208653764895,0.16183554466322994,0.0759739710977774,0.0961717231471309,0.03946590044789994,0.11949632384010818,0.11121440040564523,0.03963491929350123,0.01487365841291304,0.05408603059241105,0.0721710470717485,0.5163525733119243,0.14040448130365196,0.30990833697075515,0.028371890004364905,0.09093554488578495,0.05179688636694311,0.07609486396042485,0.09020806052669868,0.1558271497162811,0.06649207042048597,0.03360977738978612,0.02604394005528881,0.041612105339735195,0.09602793539938892,0.36097773897861196
