GameID,FG/MP_Home_Starter,FGA/MP_Home_Starter,3P/MP_Home_Starter,3PA/MP_Home_Starter,FT/MP_Home_Starter,FTA/MP_Home_Starter,ORB/MP_Home_Starter,DRB/MP_Home_Starter,AST/MP_Home_Starter,STL/MP_Home_Starter,BLK/MP_Home_Starter,TOV/MP_Home_Starter,PF/MP_Home_Starter,PTS/MP_Home_Starter,FG/MP_Home_Other,FGA/MP_Home_Other,3P/MP_Home_Other,3PA/MP_Home_Other,FT/MP_Home_Other,FTA/MP_Home_Other,ORB/MP_Home_Other,DRB/MP_Home_Other,AST/MP_Home_Other,STL/MP_Home_Other,BLK/MP_Home_Other,TOV/MP_Home_Other,PF/MP_Home_Other,PTS/MP_Home_Other,FG/MP_Away_Starter,FGA/MP_Away_Starter,3P/MP_Away_Starter,3PA/MP_Away_Starter,FT/MP_Away_Starter,FTA/MP_Away_Starter,ORB/MP_Away_Starter,DRB/MP_Away_Starter,AST/MP_Away_Starter,STL/MP_Away_Starter,BLK/MP_Away_Starter,TOV/MP_Away_Starter,PF/MP_Away_Starter,PTS/MP_Away_Starter,FG/MP_Away_Other,FGA/MP_Away_Other,3P/MP_Away_Other,3PA/MP_Away_Other,FT/MP_Away_Other,FTA/MP_Away_Other,ORB/MP_Away_Other,DRB/MP_Away_Other,AST/MP_Away_Other,STL/MP_Away_Other,BLK/MP_Away_Other,TOV/MP_Away_Other,PF/MP_Away_Other,PTS/MP_Away_Other
TOR vs MIL 2020,0.17045311911635497,0.36964980544747084,0.059369900840969,0.16543240868582904,0.07054098154888917,0.083971381950546,0.027488389607129408,0.14610267352830425,0.10844734529935986,0.02686080080331367,0.02924563825781348,0.05460022593196937,0.07380444332873101,0.4708171206225681,0.1396390630999616,0.30615640599001664,0.05874824011263279,0.15947779342122104,0.04633303468578011,0.0590042237296813,0.039677460642518876,0.15077435044157175,0.07884295405094074,0.03302188659925765,0.017662869576347114,0.04658901830282862,0.08229873288109561,0.3843594009983361,0.17482246610716592,0.3705616526791478,0.059651387992253065,0.15545513234344738,0.06546158812136862,0.08211749515816656,0.030858618463524855,0.15545513234344738,0.08185926404131698,0.03563589412524209,0.0210458360232408,0.05409941897998709,0.08495803744351195,0.4747579083279535,0.14532434709351305,0.3163437236731255,0.03369839932603201,0.09941027801179445,0.08424599831508003,0.11246840775063184,0.08930075821398484,0.16512215669755687,0.06529064869418702,0.03411962931760741,0.03411962931760741,0.04338668913226622,0.11373209772535804,0.4085930918281382
