GameID,FG/MP_Home_Starter,FGA/MP_Home_Starter,3P/MP_Home_Starter,3PA/MP_Home_Starter,FT/MP_Home_Starter,FTA/MP_Home_Starter,ORB/MP_Home_Starter,DRB/MP_Home_Starter,AST/MP_Home_Starter,STL/MP_Home_Starter,BLK/MP_Home_Starter,TOV/MP_Home_Starter,PF/MP_Home_Starter,PTS/MP_Home_Starter,FG/MP_Home_Other,FGA/MP_Home_Other,3P/MP_Home_Other,3PA/MP_Home_Other,FT/MP_Home_Other,FTA/MP_Home_Other,ORB/MP_Home_Other,DRB/MP_Home_Other,AST/MP_Home_Other,STL/MP_Home_Other,BLK/MP_Home_Other,TOV/MP_Home_Other,PF/MP_Home_Other,PTS/MP_Home_Other,FG/MP_Away_Starter,FGA/MP_Away_Starter,3P/MP_Away_Starter,3PA/MP_Away_Starter,FT/MP_Away_Starter,FTA/MP_Away_Starter,ORB/MP_Away_Starter,DRB/MP_Away_Starter,AST/MP_Away_Starter,STL/MP_Away_Starter,BLK/MP_Away_Starter,TOV/MP_Away_Starter,PF/MP_Away_Starter,PTS/MP_Away_Starter,FG/MP_Away_Other,FGA/MP_Away_Other,3P/MP_Away_Other,3PA/MP_Away_Other,FT/MP_Away_Other,FTA/MP_Away_Other,ORB/MP_Away_Other,DRB/MP_Away_Other,AST/MP_Away_Other,STL/MP_Away_Other,BLK/MP_Away_Other,TOV/MP_Away_Other,PF/MP_Away_Other,PTS/MP_Away_Other
UTA vs NOP 2022,0.2576086956521739,0.49782608695652175,0.03900966183574879,0.1071256038647343,0.11932367149758454,0.15821256038647344,0.058091787439613525,0.1681159420289855,0.12536231884057972,0.024396135265700482,0.017753623188405798,0.07536231884057971,0.0751207729468599,0.6735507246376812,0.1469282013323464,0.3263015050579817,0.04330125832716506,0.13594867999013077,0.06772760917838638,0.08795953614606464,0.05662472242783124,0.12385886997285961,0.09758203799654577,0.038860103626943004,0.01776461880088823,0.0462620281273131,0.08068097705403404,0.4048852701702443,0.16775599128540306,0.3731223483545465,0.06157550739594083,0.17475060199518405,0.06490081412682032,0.08198601077858043,0.050682261208576995,0.1369109047127623,0.09918587317968124,0.03864235752780645,0.015135878912968696,0.05010893246187364,0.0804953560371517,0.4619883040935672,0.16050702504581552,0.40500916310323765,0.07330482590103848,0.21731826511912034,0.05070250458155162,0.06490531459987782,0.028100183262064753,0.11362248014660965,0.08109346365302382,0.028863775198533902,0.012675626145387905,0.04718998167379353,0.07406841783750763,0.44502138057422114
