GameID,FG/MP_Home_Starter,FGA/MP_Home_Starter,3P/MP_Home_Starter,3PA/MP_Home_Starter,FT/MP_Home_Starter,FTA/MP_Home_Starter,ORB/MP_Home_Starter,DRB/MP_Home_Starter,AST/MP_Home_Starter,STL/MP_Home_Starter,BLK/MP_Home_Starter,TOV/MP_Home_Starter,PF/MP_Home_Starter,PTS/MP_Home_Starter,FG/MP_Home_Other,FGA/MP_Home_Other,3P/MP_Home_Other,3PA/MP_Home_Other,FT/MP_Home_Other,FTA/MP_Home_Other,ORB/MP_Home_Other,DRB/MP_Home_Other,AST/MP_Home_Other,STL/MP_Home_Other,BLK/MP_Home_Other,TOV/MP_Home_Other,PF/MP_Home_Other,PTS/MP_Home_Other,FG/MP_Away_Starter,FGA/MP_Away_Starter,3P/MP_Away_Starter,3PA/MP_Away_Starter,FT/MP_Away_Starter,FTA/MP_Away_Starter,ORB/MP_Away_Starter,DRB/MP_Away_Starter,AST/MP_Away_Starter,STL/MP_Away_Starter,BLK/MP_Away_Starter,TOV/MP_Away_Starter,PF/MP_Away_Starter,PTS/MP_Away_Starter,FG/MP_Away_Other,FGA/MP_Away_Other,3P/MP_Away_Other,3PA/MP_Away_Other,FT/MP_Away_Other,FTA/MP_Away_Other,ORB/MP_Away_Other,DRB/MP_Away_Other,AST/MP_Away_Other,STL/MP_Away_Other,BLK/MP_Away_Other,TOV/MP_Away_Other,PF/MP_Away_Other,PTS/MP_Away_Other
UTA vs MIN 2022,0.2018826539937854,0.4108938036921952,0.056753792725278744,0.15920307073661122,0.10619630780478889,0.1368122829464449,0.05465180040212027,0.17812100164503747,0.10555657101078414,0.030707366112228112,0.031255711935660756,0.0708280021933833,0.08782672271979529,0.5667154085176385,0.1516076294277929,0.33482288828337875,0.05340599455040872,0.14572207084468664,0.05863760217983651,0.0784741144414169,0.03923705722070845,0.11901907356948228,0.0914441416893733,0.037057220708446865,0.02005449591280654,0.04643051771117166,0.09111716621253406,0.4152588555858311,0.16775599128540306,0.3731223483545465,0.06157550739594083,0.17475060199518405,0.06490081412682032,0.08198601077858043,0.050682261208576995,0.1369109047127623,0.09918587317968124,0.03864235752780645,0.015135878912968696,0.05010893246187364,0.0804953560371517,0.4619883040935672,0.16050702504581552,0.40500916310323765,0.07330482590103848,0.21731826511912034,0.05070250458155162,0.06490531459987782,0.028100183262064753,0.11362248014660965,0.08109346365302382,0.028863775198533902,0.012675626145387905,0.04718998167379353,0.07406841783750763,0.44502138057422114
