GameID,FG/MP_Home_Starter,FGA/MP_Home_Starter,3P/MP_Home_Starter,3PA/MP_Home_Starter,FT/MP_Home_Starter,FTA/MP_Home_Starter,ORB/MP_Home_Starter,DRB/MP_Home_Starter,AST/MP_Home_Starter,STL/MP_Home_Starter,BLK/MP_Home_Starter,TOV/MP_Home_Starter,PF/MP_Home_Starter,PTS/MP_Home_Starter,FG/MP_Home_Other,FGA/MP_Home_Other,3P/MP_Home_Other,3PA/MP_Home_Other,FT/MP_Home_Other,FTA/MP_Home_Other,ORB/MP_Home_Other,DRB/MP_Home_Other,AST/MP_Home_Other,STL/MP_Home_Other,BLK/MP_Home_Other,TOV/MP_Home_Other,PF/MP_Home_Other,PTS/MP_Home_Other,FG/MP_Away_Starter,FGA/MP_Away_Starter,3P/MP_Away_Starter,3PA/MP_Away_Starter,FT/MP_Away_Starter,FTA/MP_Away_Starter,ORB/MP_Away_Starter,DRB/MP_Away_Starter,AST/MP_Away_Starter,STL/MP_Away_Starter,BLK/MP_Away_Starter,TOV/MP_Away_Starter,PF/MP_Away_Starter,PTS/MP_Away_Starter,FG/MP_Away_Other,FGA/MP_Away_Other,3P/MP_Away_Other,3PA/MP_Away_Other,FT/MP_Away_Other,FTA/MP_Away_Other,ORB/MP_Away_Other,DRB/MP_Away_Other,AST/MP_Away_Other,STL/MP_Away_Other,BLK/MP_Away_Other,TOV/MP_Away_Other,PF/MP_Away_Other,PTS/MP_Away_Other
UTA vs OKC 2020,0.18401578687715836,0.38098174642328564,0.04526393685249137,0.12086827824370992,0.10471139615194869,0.1295017266896892,0.03811050814010854,0.15836211149481993,0.11211149481993093,0.034657128761716824,0.015416872224963,0.052417365564874197,0.06191415885545141,0.5180069067587568,0.11884920634920634,0.25416666666666665,0.03293650793650794,0.10277777777777777,0.04285714285714286,0.05813492063492064,0.03611111111111111,0.13174603174603175,0.04325396825396825,0.03134920634920635,0.034126984126984124,0.04186507936507936,0.10515873015873016,0.3134920634920635,0.15869311551925322,0.32873660761642093,0.04752307202715604,0.12549061207170892,0.0730879388989074,0.09844064919910894,0.03543014744881723,0.16442134295109792,0.11063965206322265,0.02715604115837488,0.019306248011032142,0.05866129203352074,0.08199851490399915,0.43799724196456985,0.18400392541707555,0.3824828263002944,0.05814524043179588,0.15677134445534838,0.05716388616290481,0.07335623159960745,0.050785083415112856,0.1324828263002944,0.07311089303238469,0.024779195289499508,0.01619234543670265,0.05372914622178607,0.0964180569185476,0.4833169774288518
