GameID,FG/MP_Home_Starter,FGA/MP_Home_Starter,3P/MP_Home_Starter,3PA/MP_Home_Starter,FT/MP_Home_Starter,FTA/MP_Home_Starter,ORB/MP_Home_Starter,DRB/MP_Home_Starter,AST/MP_Home_Starter,STL/MP_Home_Starter,BLK/MP_Home_Starter,TOV/MP_Home_Starter,PF/MP_Home_Starter,PTS/MP_Home_Starter,FG/MP_Home_Other,FGA/MP_Home_Other,3P/MP_Home_Other,3PA/MP_Home_Other,FT/MP_Home_Other,FTA/MP_Home_Other,ORB/MP_Home_Other,DRB/MP_Home_Other,AST/MP_Home_Other,STL/MP_Home_Other,BLK/MP_Home_Other,TOV/MP_Home_Other,PF/MP_Home_Other,PTS/MP_Home_Other,FG/MP_Away_Starter,FGA/MP_Away_Starter,3P/MP_Away_Starter,3PA/MP_Away_Starter,FT/MP_Away_Starter,FTA/MP_Away_Starter,ORB/MP_Away_Starter,DRB/MP_Away_Starter,AST/MP_Away_Starter,STL/MP_Away_Starter,BLK/MP_Away_Starter,TOV/MP_Away_Starter,PF/MP_Away_Starter,PTS/MP_Away_Starter,FG/MP_Away_Other,FGA/MP_Away_Other,3P/MP_Away_Other,3PA/MP_Away_Other,FT/MP_Away_Other,FTA/MP_Away_Other,ORB/MP_Away_Other,DRB/MP_Away_Other,AST/MP_Away_Other,STL/MP_Away_Other,BLK/MP_Away_Other,TOV/MP_Away_Other,PF/MP_Away_Other,PTS/MP_Away_Other
UTA vs DEN 2020,0.19369635986978395,0.38902042024267536,0.038768866528558744,0.10624445102101214,0.0744303048239124,0.09263095590411365,0.06510802012429713,0.19236460491269605,0.13287955016277006,0.040692512577685705,0.02175199763243563,0.06865936667653152,0.10432080497188517,0.500591891092039,0.15359741309620048,0.32239288601455135,0.03831851253031528,0.10784155214227971,0.06127728375101051,0.08827809215844785,0.04074373484236055,0.12045270816491511,0.09474535165723524,0.029264349232012935,0.02263540824575586,0.04090541632983023,0.08197251414713015,0.40679062247372677,0.1585464062814576,0.3287698812160258,0.04841956915643245,0.12744111133480973,0.07519629555063419,0.09975840547614254,0.03543386349909402,0.16368028991342862,0.11133480974431247,0.02738071270384538,0.01912623313871552,0.05929132273001812,0.08244413126635797,0.44070867726998186,0.18450184501845018,0.3894408174850979,0.06301447629860914,0.17258018734033495,0.05449900652852682,0.06982685211467499,0.056485949474879366,0.1308543854669316,0.0584728924212319,0.02526256031791087,0.017030939540164634,0.04768663071246097,0.09991484530229917,0.48651717286403634
