GameID,FG/MP_Home_Starter,FGA/MP_Home_Starter,3P/MP_Home_Starter,3PA/MP_Home_Starter,FT/MP_Home_Starter,FTA/MP_Home_Starter,ORB/MP_Home_Starter,DRB/MP_Home_Starter,AST/MP_Home_Starter,STL/MP_Home_Starter,BLK/MP_Home_Starter,TOV/MP_Home_Starter,PF/MP_Home_Starter,PTS/MP_Home_Starter,FG/MP_Home_Other,FGA/MP_Home_Other,3P/MP_Home_Other,3PA/MP_Home_Other,FT/MP_Home_Other,FTA/MP_Home_Other,ORB/MP_Home_Other,DRB/MP_Home_Other,AST/MP_Home_Other,STL/MP_Home_Other,BLK/MP_Home_Other,TOV/MP_Home_Other,PF/MP_Home_Other,PTS/MP_Home_Other,FG/MP_Away_Starter,FGA/MP_Away_Starter,3P/MP_Away_Starter,3PA/MP_Away_Starter,FT/MP_Away_Starter,FTA/MP_Away_Starter,ORB/MP_Away_Starter,DRB/MP_Away_Starter,AST/MP_Away_Starter,STL/MP_Away_Starter,BLK/MP_Away_Starter,TOV/MP_Away_Starter,PF/MP_Away_Starter,PTS/MP_Away_Starter,FG/MP_Away_Other,FGA/MP_Away_Other,3P/MP_Away_Other,3PA/MP_Away_Other,FT/MP_Away_Other,FTA/MP_Away_Other,ORB/MP_Away_Other,DRB/MP_Away_Other,AST/MP_Away_Other,STL/MP_Away_Other,BLK/MP_Away_Other,TOV/MP_Away_Other,PF/MP_Away_Other,PTS/MP_Away_Other
UTA vs SAS 2020,0.1809354485776805,0.36323851203501095,0.020787746170678335,0.056345733041575495,0.09504923413566739,0.1187089715536105,0.038566739606126915,0.15071115973741794,0.13785557986870897,0.03774617067833698,0.026531728665207876,0.05976477024070022,0.08725382932166302,0.4777078774617068,0.1685366435903557,0.37956552876581523,0.06875149200286465,0.1876342802578181,0.06731916925280497,0.08021007400334208,0.028885175459536883,0.13081881117211744,0.07686798758653617,0.025543089042730963,0.013129625208880401,0.04392456433516352,0.07042253521126761,0.473143948436381,0.13014910285569875,0.29112964366944655,0.060399292393227194,0.15592620672226434,0.039171089208996715,0.05104877432398282,0.02148091988880465,0.12913823603740207,0.12635835228708617,0.02779883750315896,0.00859236795552186,0.06292645943896892,0.08541824614607026,0.3598685873136214,0.20986622073578595,0.4280936454849498,0.057692307692307696,0.16471571906354515,0.06856187290969899,0.08695652173913043,0.06605351170568562,0.12123745819397994,0.06354515050167224,0.02508361204013378,0.01839464882943144,0.051839464882943144,0.09615384615384616,0.5459866220735786
