GameID,FG/MP_Home_Starter,FGA/MP_Home_Starter,3P/MP_Home_Starter,3PA/MP_Home_Starter,FT/MP_Home_Starter,FTA/MP_Home_Starter,ORB/MP_Home_Starter,DRB/MP_Home_Starter,AST/MP_Home_Starter,STL/MP_Home_Starter,BLK/MP_Home_Starter,TOV/MP_Home_Starter,PF/MP_Home_Starter,PTS/MP_Home_Starter,FG/MP_Home_Other,FGA/MP_Home_Other,3P/MP_Home_Other,3PA/MP_Home_Other,FT/MP_Home_Other,FTA/MP_Home_Other,ORB/MP_Home_Other,DRB/MP_Home_Other,AST/MP_Home_Other,STL/MP_Home_Other,BLK/MP_Home_Other,TOV/MP_Home_Other,PF/MP_Home_Other,PTS/MP_Home_Other,FG/MP_Away_Starter,FGA/MP_Away_Starter,3P/MP_Away_Starter,3PA/MP_Away_Starter,FT/MP_Away_Starter,FTA/MP_Away_Starter,ORB/MP_Away_Starter,DRB/MP_Away_Starter,AST/MP_Away_Starter,STL/MP_Away_Starter,BLK/MP_Away_Starter,TOV/MP_Away_Starter,PF/MP_Away_Starter,PTS/MP_Away_Starter,FG/MP_Away_Other,FGA/MP_Away_Other,3P/MP_Away_Other,3PA/MP_Away_Other,FT/MP_Away_Other,FTA/MP_Away_Other,ORB/MP_Away_Other,DRB/MP_Away_Other,AST/MP_Away_Other,STL/MP_Away_Other,BLK/MP_Away_Other,TOV/MP_Away_Other,PF/MP_Away_Other,PTS/MP_Away_Other
WAS vs BOS 2020,0.1293656450463293,0.2644333570919458,0.021739130434782608,0.06949394155381326,0.05096222380612972,0.07020669992872416,0.07840342124019957,0.17034925160370634,0.0481111903064861,0.028153955808980755,0.022451888809693513,0.038845331432644334,0.09265858873841767,0.33143264433357095,0.14392864382728562,0.30326373403608353,0.03425907155888912,0.0985201702817758,0.06628826272045409,0.07905939590512873,0.0387188323535374,0.13663085343604298,0.10338536387593757,0.03324548956010541,0.023515102371781876,0.053314413136022705,0.10014190147982972,0.38840462193391445,0.1436006168080185,0.301272166538165,0.0318041634541249,0.09232845026985351,0.05782575173477255,0.07594448727833462,0.05146491904394757,0.15863531225905936,0.08114880493446415,0.03373168851195066,0.019082498072474943,0.04471858134155744,0.09772552043176562,0.37683114880493446,0.14918414918414918,0.32488344988344986,0.02564102564102564,0.0777972027972028,0.05128205128205128,0.07954545454545454,0.04603729603729604,0.12616550116550115,0.12092074592074592,0.031177156177156176,0.025932400932400932,0.04924242424242424,0.10314685314685315,0.3752913752913753
