GameID,FG/MP_Home_Starter,FGA/MP_Home_Starter,3P/MP_Home_Starter,3PA/MP_Home_Starter,FT/MP_Home_Starter,FTA/MP_Home_Starter,ORB/MP_Home_Starter,DRB/MP_Home_Starter,AST/MP_Home_Starter,STL/MP_Home_Starter,BLK/MP_Home_Starter,TOV/MP_Home_Starter,PF/MP_Home_Starter,PTS/MP_Home_Starter,FG/MP_Home_Other,FGA/MP_Home_Other,3P/MP_Home_Other,3PA/MP_Home_Other,FT/MP_Home_Other,FTA/MP_Home_Other,ORB/MP_Home_Other,DRB/MP_Home_Other,AST/MP_Home_Other,STL/MP_Home_Other,BLK/MP_Home_Other,TOV/MP_Home_Other,PF/MP_Home_Other,PTS/MP_Home_Other,FG/MP_Away_Starter,FGA/MP_Away_Starter,3P/MP_Away_Starter,3PA/MP_Away_Starter,FT/MP_Away_Starter,FTA/MP_Away_Starter,ORB/MP_Away_Starter,DRB/MP_Away_Starter,AST/MP_Away_Starter,STL/MP_Away_Starter,BLK/MP_Away_Starter,TOV/MP_Away_Starter,PF/MP_Away_Starter,PTS/MP_Away_Starter,FG/MP_Away_Other,FGA/MP_Away_Other,3P/MP_Away_Other,3PA/MP_Away_Other,FT/MP_Away_Other,FTA/MP_Away_Other,ORB/MP_Away_Other,DRB/MP_Away_Other,AST/MP_Away_Other,STL/MP_Away_Other,BLK/MP_Away_Other,TOV/MP_Away_Other,PF/MP_Away_Other,PTS/MP_Away_Other
WAS vs IND 2022,0.17375208980176737,0.38189634583233817,0.0679484117506568,0.18151421065201814,0.056723190828755675,0.06950083592070695,0.043467876761404345,0.120014330069262,0.12371626462861238,0.03486983520420349,0.01588249343205159,0.06054454263195606,0.06651540482445666,0.4721757821829472,0.1476056338028169,0.3181220657276995,0.03455399061032864,0.1107981220657277,0.0584037558685446,0.08525821596244132,0.06384976525821597,0.1415962441314554,0.0796244131455399,0.03267605633802817,0.03248826291079812,0.04788732394366197,0.11380281690140845,0.38816901408450705,0.17734553775743708,0.3888888888888889,0.05047037884566489,0.14721586575133486,0.06369183829138063,0.08161708619374523,0.023773201118738877,0.1543351131451818,0.12687515891177217,0.024535977625222475,0.016526824307144673,0.05962369692346809,0.0642003559623697,0.46885329265191966,0.15015133570206607,0.29714436110014475,0.03803131991051454,0.0986971969996052,0.05198052375312541,0.0682984603237268,0.052375312541123833,0.138834057112778,0.0846163968943282,0.030530332938544544,0.0277668114225556,0.04197920779049875,0.07790498749835505,0.3903145150677721
