GameID,FG/MP_Home_Starter,FGA/MP_Home_Starter,3P/MP_Home_Starter,3PA/MP_Home_Starter,FT/MP_Home_Starter,FTA/MP_Home_Starter,ORB/MP_Home_Starter,DRB/MP_Home_Starter,AST/MP_Home_Starter,STL/MP_Home_Starter,BLK/MP_Home_Starter,TOV/MP_Home_Starter,PF/MP_Home_Starter,PTS/MP_Home_Starter,FG/MP_Home_Other,FGA/MP_Home_Other,3P/MP_Home_Other,3PA/MP_Home_Other,FT/MP_Home_Other,FTA/MP_Home_Other,ORB/MP_Home_Other,DRB/MP_Home_Other,AST/MP_Home_Other,STL/MP_Home_Other,BLK/MP_Home_Other,TOV/MP_Home_Other,PF/MP_Home_Other,PTS/MP_Home_Other,FG/MP_Away_Starter,FGA/MP_Away_Starter,3P/MP_Away_Starter,3PA/MP_Away_Starter,FT/MP_Away_Starter,FTA/MP_Away_Starter,ORB/MP_Away_Starter,DRB/MP_Away_Starter,AST/MP_Away_Starter,STL/MP_Away_Starter,BLK/MP_Away_Starter,TOV/MP_Away_Starter,PF/MP_Away_Starter,PTS/MP_Away_Starter,FG/MP_Away_Other,FGA/MP_Away_Other,3P/MP_Away_Other,3PA/MP_Away_Other,FT/MP_Away_Other,FTA/MP_Away_Other,ORB/MP_Away_Other,DRB/MP_Away_Other,AST/MP_Away_Other,STL/MP_Away_Other,BLK/MP_Away_Other,TOV/MP_Away_Other,PF/MP_Away_Other,PTS/MP_Away_Other
WSH vs CLE 2022,0.19610542879622345,0.3969315499606609,0.038650668764752164,0.11496852871754525,0.08497246262785209,0.11270653029110936,0.049665617623918176,0.13414634146341464,0.09765932336742722,0.03009441384736428,0.0242918961447679,0.05832022029897718,0.06913847364280094,0.5158339889850512,0.1608499859273853,0.3530819026175063,0.059245707852519,0.16450886574725584,0.062060230790880945,0.08387278356318605,0.03813678581480439,0.13861525471432593,0.09316070925978047,0.027441598649028988,0.010413734871939206,0.0485505206867436,0.08345060512243174,0.44300591049817056,0.17734553775743708,0.3888888888888889,0.05047037884566489,0.14721586575133486,0.06369183829138063,0.08161708619374523,0.023773201118738877,0.1543351131451818,0.12687515891177217,0.024535977625222475,0.016526824307144673,0.05962369692346809,0.0642003559623697,0.46885329265191966,0.15015133570206607,0.29714436110014475,0.03803131991051454,0.0986971969996052,0.05198052375312541,0.0682984603237268,0.052375312541123833,0.138834057112778,0.0846163968943282,0.030530332938544544,0.0277668114225556,0.04197920779049875,0.07790498749835505,0.3903145150677721
